brand,model,variant,fuel,transmission,engineCc,hp,torque,launchYear,discontinuedYear,serviceKm,serviceMonths

Maruti Suzuki,800,Std,PETROL,MANUAL,796,37,59,1983,2000,10000,12
Maruti Suzuki,800,AC,PETROL,MANUAL,796,37,59,1993,2000,10000,12
Maruti Suzuki,800,DX,PETROL,MANUAL,796,37,59,1997,2000,10000,12
Maruti Suzuki,800,Std BSIII,PETROL,MANUAL,796,37,59,2000,2010,10000,12
Maruti Suzuki,800,AC BSIII,PETROL,MANUAL,796,37,59,2000,2010,10000,12
Maruti Suzuki,800,Uniq,PETROL,MANUAL,796,37,59,2006,2010,10000,12

Maruti Suzuki,Alto,Std,PETROL,MANUAL,796,47,62,2000,2012,10000,12
Maruti Suzuki,Alto,LX,PETROL,MANUAL,796,47,62,2000,2012,10000,12
Maruti Suzuki,Alto,LXi,PETROL,MANUAL,796,47,62,2000,2012,10000,12
Maruti Suzuki,Alto,VXi,PETROL,MANUAL,796,47,62,2008,2012,10000,12
Maruti Suzuki,Alto,LXi CNG,CNG,MANUAL,796,41,60,2007,2012,10000,12
Maruti Suzuki,Alto,Green LXI,CNG,MANUAL,796,41,60,2010,2012,10000,12

Maruti Suzuki,Alto K10,LXi,PETROL,MANUAL,998,67,90,2010,,10000,12
Maruti Suzuki,Alto K10,VXi,PETROL,MANUAL,998,67,90,2010,,10000,12
Maruti Suzuki,Alto K10,VXi+,PETROL,MANUAL,998,67,90,2022,,10000,12
Maruti Suzuki,Alto K10,VXi AMT,PETROL,AUTOMATIC,998,67,90,2014,,10000,12
Maruti Suzuki,Alto K10,VXi+ AMT,PETROL,AUTOMATIC,998,67,90,2022,,10000,12
Maruti Suzuki,Alto K10,LXi CNG,CNG,MANUAL,998,57,82,2022,,10000,12
Maruti Suzuki,Alto K10,VXi CNG,CNG,MANUAL,998,57,82,2022,,10000,12

Maruti Suzuki,A-Star,LXi,PETROL,MANUAL,998,67,90,2008,2014,10000,12
Maruti Suzuki,A-Star,VXi,PETROL,MANUAL,998,67,90,2008,2014,10000,12
Maruti Suzuki,A-Star,ZXi,PETROL,MANUAL,998,67,90,2008,2014,10000,12
Maruti Suzuki,A-Star,VXi AT,PETROL,AUTOMATIC,998,67,90,2010,2014,10000,12
Maruti Suzuki,A-Star,ZXi AT,PETROL,AUTOMATIC,998,67,90,2010,2014,10000,12

Maruti Suzuki,Celerio,LXi,PETROL,MANUAL,998,67,90,2014,,10000,12
Maruti Suzuki,Celerio,VXi,PETROL,MANUAL,998,67,90,2014,,10000,12
Maruti Suzuki,Celerio,ZXi,PETROL,MANUAL,998,67,90,2014,,10000,12
Maruti Suzuki,Celerio,ZXi+,PETROL,MANUAL,998,67,90,2021,,10000,12
Maruti Suzuki,Celerio,VXi AMT,PETROL,AUTOMATIC,998,67,90,2014,,10000,12
Maruti Suzuki,Celerio,ZXi AMT,PETROL,AUTOMATIC,998,67,90,2014,,10000,12
Maruti Suzuki,Celerio,LXi CNG,CNG,MANUAL,998,57,82,2017,,10000,12
Maruti Suzuki,Celerio,VXi CNG,CNG,MANUAL,998,57,82,2017,,10000,12

Maruti Suzuki,Celerio X,VXi,PETROL,MANUAL,998,67,90,2017,2022,10000,12
Maruti Suzuki,Celerio X,ZXi,PETROL,MANUAL,998,67,90,2017,2022,10000,12
Maruti Suzuki,Celerio X,VXi AMT,PETROL,AUTOMATIC,998,67,90,2017,2022,10000,12
Maruti Suzuki,Celerio X,ZXi AMT,PETROL,AUTOMATIC,998,67,90,2017,2022,10000,12

Maruti Suzuki,S-Presso,Std,PETROL,MANUAL,998,67,90,2019,,10000,12
Maruti Suzuki,S-Presso,LXi,PETROL,MANUAL,998,67,90,2019,,10000,12
Maruti Suzuki,S-Presso,VXi,PETROL,MANUAL,998,67,90,2019,,10000,12
Maruti Suzuki,S-Presso,VXi+,PETROL,MANUAL,998,67,90,2019,,10000,12
Maruti Suzuki,S-Presso,VXi AMT,PETROL,AUTOMATIC,998,67,90,2019,,10000,12
Maruti Suzuki,S-Presso,VXi+ AMT,PETROL,AUTOMATIC,998,67,90,2019,,10000,12
Maruti Suzuki,S-Presso,LXi CNG,CNG,MANUAL,998,57,82,2020,,10000,12
Maruti Suzuki,S-Presso,VXi CNG,CNG,MANUAL,998,57,82,2020,,10000,12

Maruti Suzuki,WagonR,LXi,PETROL,MANUAL,998,67,90,1999,,10000,12
Maruti Suzuki,WagonR,VXi,PETROL,MANUAL,998,67,90,1999,,10000,12
Maruti Suzuki,WagonR,ZXi,PETROL,MANUAL,1197,89,113,2019,,10000,12
Maruti Suzuki,WagonR,ZXi+,PETROL,MANUAL,1197,89,113,2022,,10000,12
Maruti Suzuki,WagonR,VXi AMT,PETROL,AUTOMATIC,998,67,90,2015,,10000,12
Maruti Suzuki,WagonR,ZXi AMT,PETROL,AUTOMATIC,1197,89,113,2019,,10000,12
Maruti Suzuki,WagonR,LXi CNG,CNG,MANUAL,998,57,82,2010,,10000,12
Maruti Suzuki,WagonR,VXi CNG,CNG,MANUAL,998,57,82,2010,,10000,12

Maruti Suzuki,Zen,Std,PETROL,MANUAL,993,58,78,1993,2006,10000,12
Maruti Suzuki,Zen,LX,PETROL,MANUAL,993,58,78,1993,2006,10000,12
Maruti Suzuki,Zen,VX,PETROL,MANUAL,993,58,78,1993,2006,10000,12
Maruti Suzuki,Zen,ZXi,PETROL,MANUAL,1061,64,84,1998,2006,10000,12
Maruti Suzuki,Zen,DXi,DIESEL,MANUAL,1527,57,96,2003,2006,10000,12

Maruti Suzuki,Zen Estilo,LXi,PETROL,MANUAL,1061,64,84,2006,2013,10000,12
Maruti Suzuki,Zen Estilo,VXi,PETROL,MANUAL,1061,64,84,2006,2013,10000,12
Maruti Suzuki,Zen Estilo,SXi,PETROL,MANUAL,1061,64,84,2006,2013,10000,12
Maruti Suzuki,Zen Estilo,LXi BSIV,PETROL,MANUAL,998,67,90,2009,2013,10000,12
Maruti Suzuki,Zen Estilo,VXi BSIV,PETROL,MANUAL,998,67,90,2009,2013,10000,12
Maruti Suzuki,Zen Estilo,LXi CNG,CNG,MANUAL,998,57,82,2010,2013,10000,12

Maruti Suzuki,Ritz,LXi,PETROL,MANUAL,1197,85,113,2009,2017,10000,12
Maruti Suzuki,Ritz,VXi,PETROL,MANUAL,1197,85,113,2009,2017,10000,12
Maruti Suzuki,Ritz,ZXi,PETROL,MANUAL,1197,85,113,2009,2017,10000,12
Maruti Suzuki,Ritz,LDi,DIESEL,MANUAL,1248,75,190,2009,2017,10000,12
Maruti Suzuki,Ritz,VDi,DIESEL,MANUAL,1248,75,190,2009,2017,10000,12
Maruti Suzuki,Ritz,ZDi,DIESEL,MANUAL,1248,75,190,2009,2017,10000,12

Maruti Suzuki,Swift,LXi,PETROL,MANUAL,1197,89,113,2005,,10000,12
Maruti Suzuki,Swift,VXi,PETROL,MANUAL,1197,89,113,2005,,10000,12
Maruti Suzuki,Swift,ZXi,PETROL,MANUAL,1197,89,113,2005,,10000,12
Maruti Suzuki,Swift,ZXi+,PETROL,MANUAL,1197,89,113,2018,,10000,12
Maruti Suzuki,Swift,VXi AMT,PETROL,AUTOMATIC,1197,89,113,2018,,10000,12
Maruti Suzuki,Swift,ZXi AMT,PETROL,AUTOMATIC,1197,89,113,2018,,10000,12
Maruti Suzuki,Swift,ZXi+ AMT,PETROL,AUTOMATIC,1197,89,113,2018,,10000,12
Maruti Suzuki,Swift,LDi,DIESEL,MANUAL,1248,75,190,2007,2020,10000,12
Maruti Suzuki,Swift,VDi,DIESEL,MANUAL,1248,75,190,2007,2020,10000,12
Maruti Suzuki,Swift,ZDi,DIESEL,MANUAL,1248,75,190,2007,2020,10000,12
Maruti Suzuki,Swift,ZDi+,DIESEL,MANUAL,1248,75,190,2011,2020,10000,12

Maruti Suzuki,Baleno,Sigma,PETROL,MANUAL,1197,89,113,2015,,10000,12
Maruti Suzuki,Baleno,Delta,PETROL,MANUAL,1197,89,113,2015,,10000,12
Maruti Suzuki,Baleno,Zeta,PETROL,MANUAL,1197,89,113,2015,,10000,12
Maruti Suzuki,Baleno,Alpha,PETROL,MANUAL,1197,89,113,2015,,10000,12
Maruti Suzuki,Baleno,Delta AMT,PETROL,AUTOMATIC,1197,89,113,2022,,10000,12
Maruti Suzuki,Baleno,Zeta AMT,PETROL,AUTOMATIC,1197,89,113,2022,,10000,12
Maruti Suzuki,Baleno,Alpha AMT,PETROL,AUTOMATIC,1197,89,113,2022,,10000,12
Maruti Suzuki,Baleno,Delta CNG,CNG,MANUAL,1197,77,98,2022,,10000,12
Maruti Suzuki,Baleno,Zeta CNG,CNG,MANUAL,1197,77,98,2022,,10000,12

Maruti Suzuki,Fronx,Sigma,PETROL,MANUAL,1197,89,113,2023,,10000,12
Maruti Suzuki,Fronx,Delta,PETROL,MANUAL,1197,89,113,2023,,10000,12
Maruti Suzuki,Fronx,Delta+,PETROL,MANUAL,1197,89,113,2023,,10000,12
Maruti Suzuki,Fronx,Zeta,PETROL,MANUAL,998,100,148,2023,,10000,12
Maruti Suzuki,Fronx,Alpha,PETROL,MANUAL,998,100,148,2023,,10000,12
Maruti Suzuki,Fronx,Delta AMT,PETROL,AUTOMATIC,1197,89,113,2023,,10000,12
Maruti Suzuki,Fronx,Zeta AT,PETROL,AUTOMATIC,998,100,148,2023,,10000,12
Maruti Suzuki,Fronx,Alpha AT,PETROL,AUTOMATIC,998,100,148,2023,,10000,12
Maruti Suzuki,Fronx,Delta CNG,CNG,MANUAL,1197,77,98,2023,,10000,12
Maruti Suzuki,Fronx,Zeta CNG,CNG,MANUAL,1197,77,98,2023,,10000,12

Maruti Suzuki,Ignis,Sigma,PETROL,MANUAL,1197,83,113,2017,,10000,12
Maruti Suzuki,Ignis,Delta,PETROL,MANUAL,1197,83,113,2017,,10000,12
Maruti Suzuki,Ignis,Zeta,PETROL,MANUAL,1197,83,113,2017,,10000,12
Maruti Suzuki,Ignis,Alpha,PETROL,MANUAL,1197,83,113,2017,,10000,12
Maruti Suzuki,Ignis,Delta AMT,PETROL,AUTOMATIC,1197,83,113,2017,,10000,12
Maruti Suzuki,Ignis,Zeta AMT,PETROL,AUTOMATIC,1197,83,113,2017,,10000,12
Maruti Suzuki,Ignis,Alpha AMT,PETROL,AUTOMATIC,1197,83,113,2017,,10000,12

Maruti Suzuki,Dzire,LXi,PETROL,MANUAL,1197,89,113,2008,,10000,12
Maruti Suzuki,Dzire,VXi,PETROL,MANUAL,1197,89,113,2008,,10000,12
Maruti Suzuki,Dzire,ZXi,PETROL,MANUAL,1197,89,113,2008,,10000,12
Maruti Suzuki,Dzire,ZXi+,PETROL,MANUAL,1197,89,113,2020,,10000,12
Maruti Suzuki,Dzire,VXi AMT,PETROL,AUTOMATIC,1197,89,113,2017,,10000,12
Maruti Suzuki,Dzire,ZXi AMT,PETROL,AUTOMATIC,1197,89,113,2017,,10000,12
Maruti Suzuki,Dzire,ZXi+ AMT,PETROL,AUTOMATIC,1197,89,113,2020,,10000,12
Maruti Suzuki,Dzire,LXi CNG,CNG,MANUAL,1197,77,98,2022,,10000,12
Maruti Suzuki,Dzire,VXi CNG,CNG,MANUAL,1197,77,98,2022,,10000,12
Maruti Suzuki,Dzire,ZXi CNG,CNG,MANUAL,1197,77,98,2024,,10000,12

Maruti Suzuki,Ciaz,Sigma,PETROL,MANUAL,1462,103,138,2014,,10000,12
Maruti Suzuki,Ciaz,Delta,PETROL,MANUAL,1462,103,138,2014,,10000,12
Maruti Suzuki,Ciaz,Zeta,PETROL,MANUAL,1462,103,138,2014,,10000,12
Maruti Suzuki,Ciaz,Alpha,PETROL,MANUAL,1462,103,138,2014,,10000,12
Maruti Suzuki,Ciaz,Delta AT,PETROL,AUTOMATIC,1462,103,138,2015,,10000,12
Maruti Suzuki,Ciaz,Zeta AT,PETROL,AUTOMATIC,1462,103,138,2015,,10000,12
Maruti Suzuki,Ciaz,Alpha AT,PETROL,AUTOMATIC,1462,103,138,2015,,10000,12
Maruti Suzuki,Ciaz,Sigma Smart Hybrid,PETROL,MANUAL,1462,103,138,2018,,10000,12
Maruti Suzuki,Ciaz,Delta Smart Hybrid,PETROL,MANUAL,1462,103,138,2018,,10000,12
Maruti Suzuki,Ciaz,Alpha Smart Hybrid,PETROL,AUTOMATIC,1462,103,138,2018,,10000,12
Maruti Suzuki,Ciaz,DDiS SHVS,DIESEL,MANUAL,1248,89,200,2015,2020,10000,12

Maruti Suzuki,Esteem,LX,PETROL,MANUAL,1298,65,100,1994,2007,10000,12
Maruti Suzuki,Esteem,LXi,PETROL,MANUAL,1298,85,110,1999,2007,10000,12
Maruti Suzuki,Esteem,VXi,PETROL,MANUAL,1298,85,110,1999,2007,10000,12
Maruti Suzuki,Esteem,AX,PETROL,MANUAL,1298,85,110,2002,2007,10000,12

Maruti Suzuki,Kizashi,MT,PETROL,MANUAL,2393,176,230,2011,2014,10000,12
Maruti Suzuki,Kizashi,CVT,PETROL,AUTOMATIC,2393,176,230,2011,2014,10000,12

Maruti Suzuki,SX4,VXi,PETROL,MANUAL,1586,104,145,2007,2014,10000,12
Maruti Suzuki,SX4,ZXi,PETROL,MANUAL,1586,104,145,2007,2014,10000,12
Maruti Suzuki,SX4,ZXi Leather,PETROL,MANUAL,1586,104,145,2010,2014,10000,12
Maruti Suzuki,SX4,VXi AT,PETROL,AUTOMATIC,1586,104,145,2010,2014,10000,12
Maruti Suzuki,SX4,ZXi AT,PETROL,AUTOMATIC,1586,104,145,2010,2014,10000,12
Maruti Suzuki,SX4,VDi,DIESEL,MANUAL,1248,89,200,2011,2014,10000,12
Maruti Suzuki,SX4,ZDi,DIESEL,MANUAL,1248,89,200,2011,2014,10000,12

Maruti Suzuki,Brezza,LXi,PETROL,MANUAL,1462,103,138,2022,,10000,12
Maruti Suzuki,Brezza,VXi,PETROL,MANUAL,1462,103,138,2022,,10000,12
Maruti Suzuki,Brezza,ZXi,PETROL,MANUAL,1462,103,138,2022,,10000,12
Maruti Suzuki,Brezza,ZXi+,PETROL,MANUAL,1462,103,138,2022,,10000,12
Maruti Suzuki,Brezza,VXi AT,PETROL,AUTOMATIC,1462,103,138,2022,,10000,12
Maruti Suzuki,Brezza,ZXi AT,PETROL,AUTOMATIC,1462,103,138,2022,,10000,12
Maruti Suzuki,Brezza,ZXi+ AT,PETROL,AUTOMATIC,1462,103,138,2022,,10000,12
Maruti Suzuki,Brezza,LXi CNG,CNG,MANUAL,1462,88,121,2023,,10000,12
Maruti Suzuki,Brezza,VXi CNG,CNG,MANUAL,1462,88,121,2023,,10000,12
Maruti Suzuki,Brezza,ZXi CNG,CNG,MANUAL,1462,88,121,2023,,10000,12

Maruti Suzuki,Vitara Brezza,LDi,DIESEL,MANUAL,1248,89,200,2016,2022,10000,12
Maruti Suzuki,Vitara Brezza,VDi,DIESEL,MANUAL,1248,89,200,2016,2022,10000,12
Maruti Suzuki,Vitara Brezza,ZDi,DIESEL,MANUAL,1248,89,200,2016,2022,10000,12
Maruti Suzuki,Vitara Brezza,ZDi+,DIESEL,MANUAL,1248,89,200,2016,2022,10000,12
Maruti Suzuki,Vitara Brezza,VXi,PETROL,MANUAL,1462,103,138,2020,2022,10000,12
Maruti Suzuki,Vitara Brezza,ZXi,PETROL,MANUAL,1462,103,138,2020,2022,10000,12
Maruti Suzuki,Vitara Brezza,ZXi+,PETROL,MANUAL,1462,103,138,2020,2022,10000,12
Maruti Suzuki,Vitara Brezza,VXi AT,PETROL,AUTOMATIC,1462,103,138,2020,2022,10000,12
Maruti Suzuki,Vitara Brezza,ZXi AT,PETROL,AUTOMATIC,1462,103,138,2020,2022,10000,12
Maruti Suzuki,Vitara Brezza,ZXi+ AT,PETROL,AUTOMATIC,1462,103,138,2020,2022,10000,12

Maruti Suzuki,Grand Vitara,Sigma Smart Hybrid,PETROL,MANUAL,1462,103,137,2022,,10000,12
Maruti Suzuki,Grand Vitara,Delta Smart Hybrid,PETROL,MANUAL,1462,103,137,2022,,10000,12
Maruti Suzuki,Grand Vitara,Zeta Smart Hybrid,PETROL,MANUAL,1462,103,137,2022,,10000,12
Maruti Suzuki,Grand Vitara,Alpha Smart Hybrid,PETROL,MANUAL,1462,103,137,2022,,10000,12
Maruti Suzuki,Grand Vitara,Delta AT Smart Hybrid,PETROL,AUTOMATIC,1462,103,137,2022,,10000,12
Maruti Suzuki,Grand Vitara,Zeta AT Smart Hybrid,PETROL,AUTOMATIC,1462,103,137,2022,,10000,12
Maruti Suzuki,Grand Vitara,Alpha AT Smart Hybrid,PETROL,AUTOMATIC,1462,103,137,2022,,10000,12
Maruti Suzuki,Grand Vitara,Zeta Strong Hybrid,HYBRID,AUTOMATIC,1490,114,122,2022,,10000,12
Maruti Suzuki,Grand Vitara,Alpha Strong Hybrid,HYBRID,AUTOMATIC,1490,114,122,2022,,10000,12
Maruti Suzuki,Grand Vitara,Alpha AWD,PETROL,MANUAL,1462,103,137,2022,,10000,12

Maruti Suzuki,Gypsy,Soft Top,PETROL,MANUAL,1298,80,103,1985,2019,10000,12
Maruti Suzuki,Gypsy,Hard Top,PETROL,MANUAL,1298,80,103,1985,2019,10000,12
Maruti Suzuki,Gypsy,King Soft Top,PETROL,MANUAL,1298,80,103,1996,2019,10000,12
Maruti Suzuki,Gypsy,King Hard Top,PETROL,MANUAL,1298,80,103,1996,2019,10000,12

Maruti Suzuki,Jimny,Zeta,PETROL,MANUAL,1462,103,134,2023,,10000,12
Maruti Suzuki,Jimny,Alpha,PETROL,MANUAL,1462,103,134,2023,,10000,12
Maruti Suzuki,Jimny,Zeta AT,PETROL,AUTOMATIC,1462,103,134,2023,,10000,12
Maruti Suzuki,Jimny,Alpha AT,PETROL,AUTOMATIC,1462,103,134,2023,,10000,12

Maruti Suzuki,Ertiga,LXi,PETROL,MANUAL,1462,103,137,2012,,10000,12
Maruti Suzuki,Ertiga,VXi,PETROL,MANUAL,1462,103,137,2012,,10000,12
Maruti Suzuki,Ertiga,ZXi,PETROL,MANUAL,1462,103,137,2012,,10000,12
Maruti Suzuki,Ertiga,ZXi+,PETROL,MANUAL,1462,103,137,2019,,10000,12
Maruti Suzuki,Ertiga,VXi AT,PETROL,AUTOMATIC,1462,103,137,2019,,10000,12
Maruti Suzuki,Ertiga,ZXi AT,PETROL,AUTOMATIC,1462,103,137,2019,,10000,12
Maruti Suzuki,Ertiga,ZXi+ AT,PETROL,AUTOMATIC,1462,103,137,2019,,10000,12
Maruti Suzuki,Ertiga,VXi CNG,CNG,MANUAL,1462,88,121,2022,,10000,12
Maruti Suzuki,Ertiga,ZXi CNG,CNG,MANUAL,1462,88,121,2022,,10000,12

Maruti Suzuki,XL6,Zeta,PETROL,MANUAL,1462,103,137,2019,,10000,12
Maruti Suzuki,XL6,Alpha,PETROL,MANUAL,1462,103,137,2019,,10000,12
Maruti Suzuki,XL6,Zeta AT,PETROL,AUTOMATIC,1462,103,137,2019,,10000,12
Maruti Suzuki,XL6,Alpha AT,PETROL,AUTOMATIC,1462,103,137,2019,,10000,12
Maruti Suzuki,XL6,Zeta CNG,CNG,MANUAL,1462,88,121,2022,,10000,12

Maruti Suzuki,Invicto,Zeta Plus 7STR,HYBRID,AUTOMATIC,1987,183,206,2023,,10000,12
Maruti Suzuki,Invicto,Zeta Plus 8STR,HYBRID,AUTOMATIC,1987,183,206,2023,,10000,12
Maruti Suzuki,Invicto,Alpha Plus 7STR,HYBRID,AUTOMATIC,1987,183,206,2023,,10000,12

Maruti Suzuki,Eeco,5 Seater Std,PETROL,MANUAL,1197,80,104,2010,,10000,12
Maruti Suzuki,Eeco,5 Seater AC,PETROL,MANUAL,1197,80,104,2010,,10000,12
Maruti Suzuki,Eeco,7 Seater Std,PETROL,MANUAL,1197,80,104,2010,,10000,12
Maruti Suzuki,Eeco,7 Seater AC,PETROL,MANUAL,1197,80,104,2010,,10000,12
Maruti Suzuki,Eeco,5 Seater CNG,CNG,MANUAL,1197,71,95,2022,,10000,12
Maruti Suzuki,Eeco,Cargo Petrol,PETROL,MANUAL,1197,80,104,2010,,10000,12
Maruti Suzuki,Eeco,Cargo CNG,CNG,MANUAL,1197,71,95,2022,,10000,12

Maruti Suzuki,Eeco Cargo,STD,PETROL,MANUAL,1197,80,104,2010,,10000,12
Maruti Suzuki,Eeco Cargo,CNG,CNG,MANUAL,1197,71,95,2022,,10000,12

Maruti Suzuki,Omni,Cargo,PETROL,MANUAL,796,35,59,1984,2019,10000,12
Maruti Suzuki,Omni,5 Seater,PETROL,MANUAL,796,35,59,1984,2019,10000,12
Maruti Suzuki,Omni,8 Seater,PETROL,MANUAL,796,35,59,1984,2019,10000,12
Maruti Suzuki,Omni,Ambulance,PETROL,MANUAL,796,35,59,1995,2019,10000,12

Maruti Suzuki,Versa,DX,PETROL,MANUAL,1298,82,110,2001,2010,10000,12
Maruti Suzuki,Versa,DX2,PETROL,MANUAL,1298,82,110,2001,2010,10000,12
Maruti Suzuki,Versa,STD,PETROL,MANUAL,1298,82,110,2001,2010,10000,12
Maruti Suzuki,Versa,LX,PETROL,MANUAL,1298,82,110,2001,2010,10000,12

Hyundai,Santro,LE,PETROL,MANUAL,999,55,82,1998,2003,10000,12
Hyundai,Santro,LP,PETROL,MANUAL,999,55,82,1998,2003,10000,12
Hyundai,Santro,LS,PETROL,MANUAL,999,55,82,1998,2003,10000,12
Hyundai,Santro,GLS,PETROL,MANUAL,999,55,82,1998,2003,10000,12
Hyundai,Santro,ZipDrive,PETROL,MANUAL,1086,63,96,2001,2003,10000,12
Hyundai,Santro,ZipPlus,PETROL,MANUAL,1086,63,96,2001,2003,10000,12

Hyundai,Santro Xing,XG,PETROL,MANUAL,1086,63,96,2003,2014,10000,12
Hyundai,Santro Xing,GL,PETROL,MANUAL,1086,63,96,2003,2014,10000,12
Hyundai,Santro Xing,GL Plus,PETROL,MANUAL,1086,63,96,2003,2014,10000,12
Hyundai,Santro Xing,XO,PETROL,MANUAL,1086,63,96,2003,2014,10000,12
Hyundai,Santro Xing,XL,PETROL,MANUAL,1086,63,96,2003,2014,10000,12
Hyundai,Santro Xing,XS,PETROL,MANUAL,1086,63,96,2003,2014,10000,12
Hyundai,Santro Xing,XP,PETROL,MANUAL,1086,63,96,2003,2014,10000,12
Hyundai,Santro Xing,GLS LPG,LPG,MANUAL,1086,60,89,2008,2014,10000,12
Hyundai,Santro Xing,XO CNG,CNG,MANUAL,1086,53,84,2010,2014,10000,12

Hyundai,Eon,D-Lite,PETROL,MANUAL,814,55,75,2011,2019,10000,12
Hyundai,Eon,D-Lite+,PETROL,MANUAL,814,55,75,2011,2019,10000,12
Hyundai,Eon,Era+,PETROL,MANUAL,814,55,75,2011,2019,10000,12
Hyundai,Eon,Magna,PETROL,MANUAL,814,55,75,2011,2019,10000,12
Hyundai,Eon,Sportz,PETROL,MANUAL,814,55,75,2011,2019,10000,12
Hyundai,Eon,Magna 1.0,PETROL,MANUAL,998,68,94,2014,2019,10000,12
Hyundai,Eon,Sportz 1.0,PETROL,MANUAL,998,68,94,2014,2019,10000,12

Hyundai,i10,D-Lite,PETROL,MANUAL,1086,66,99,2007,2013,10000,12
Hyundai,i10,Era,PETROL,MANUAL,1086,66,99,2007,2013,10000,12
Hyundai,i10,Magna,PETROL,MANUAL,1086,66,99,2007,2013,10000,12
Hyundai,i10,Sportz,PETROL,MANUAL,1086,66,99,2007,2013,10000,12
Hyundai,i10,Asta,PETROL,MANUAL,1197,79,111,2008,2013,10000,12
Hyundai,i10,Sportz AT,PETROL,AUTOMATIC,1197,79,111,2009,2013,10000,12
Hyundai,i10,Asta AT,PETROL,AUTOMATIC,1197,79,111,2009,2013,10000,12
Hyundai,i10,Era Diesel,DIESEL,MANUAL,1120,71,160,2011,2013,10000,12
Hyundai,i10,Magna Diesel,DIESEL,MANUAL,1120,71,160,2011,2013,10000,12
Hyundai,i10,Sportz Diesel,DIESEL,MANUAL,1120,71,160,2011,2013,10000,12

Hyundai,Grand i10,Era,PETROL,MANUAL,1197,82,114,2013,2019,10000,12
Hyundai,Grand i10,Magna,PETROL,MANUAL,1197,82,114,2013,2019,10000,12
Hyundai,Grand i10,Sportz,PETROL,MANUAL,1197,82,114,2013,2019,10000,12
Hyundai,Grand i10,Asta,PETROL,MANUAL,1197,82,114,2013,2019,10000,12
Hyundai,Grand i10,Sportz AT,PETROL,AUTOMATIC,1197,82,114,2014,2019,10000,12
Hyundai,Grand i10,Asta AT,PETROL,AUTOMATIC,1197,82,114,2014,2019,10000,12
Hyundai,Grand i10,Era Diesel,DIESEL,MANUAL,1120,74,190,2013,2019,10000,12
Hyundai,Grand i10,Magna Diesel,DIESEL,MANUAL,1120,74,190,2013,2019,10000,12
Hyundai,Grand i10,Sportz Diesel,DIESEL,MANUAL,1120,74,190,2013,2019,10000,12
Hyundai,Grand i10,Asta Diesel,DIESEL,MANUAL,1120,74,190,2013,2019,10000,12

Hyundai,Grand i10 Nios,Era,PETROL,MANUAL,1197,82,114,2019,,10000,12
Hyundai,Grand i10 Nios,Magna,PETROL,MANUAL,1197,82,114,2019,,10000,12
Hyundai,Grand i10 Nios,Sportz,PETROL,MANUAL,1197,82,114,2019,,10000,12
Hyundai,Grand i10 Nios,Asta,PETROL,MANUAL,1197,82,114,2019,,10000,12
Hyundai,Grand i10 Nios,Sportz AMT,PETROL,AUTOMATIC,1197,82,114,2019,,10000,12
Hyundai,Grand i10 Nios,Asta AMT,PETROL,AUTOMATIC,1197,82,114,2019,,10000,12
Hyundai,Grand i10 Nios,Magna CNG,CNG,MANUAL,1197,69,95,2020,,10000,12
Hyundai,Grand i10 Nios,Sportz CNG,CNG,MANUAL,1197,69,95,2020,,10000,12
Hyundai,Grand i10 Nios,Era Diesel,DIESEL,MANUAL,1186,74,190,2019,2023,10000,12
Hyundai,Grand i10 Nios,Sportz Diesel,DIESEL,MANUAL,1186,74,190,2019,2023,10000,12

Hyundai,i20,Era,PETROL,MANUAL,1197,83,115,2008,2012,10000,12
Hyundai,i20,Magna,PETROL,MANUAL,1197,83,115,2008,2012,10000,12
Hyundai,i20,Sportz,PETROL,MANUAL,1197,83,115,2008,2012,10000,12
Hyundai,i20,Asta,PETROL,MANUAL,1197,83,115,2008,2012,10000,12
Hyundai,i20,Asta (O),PETROL,MANUAL,1197,83,115,2010,2012,10000,12
Hyundai,i20,Sportz AT,PETROL,AUTOMATIC,1396,100,136,2009,2012,10000,12
Hyundai,i20,Asta AT,PETROL,AUTOMATIC,1396,100,136,2009,2012,10000,12
Hyundai,i20,Magna Diesel,DIESEL,MANUAL,1396,89,220,2009,2012,10000,12
Hyundai,i20,Sportz Diesel,DIESEL,MANUAL,1396,89,220,2009,2012,10000,12
Hyundai,i20,Asta Diesel,DIESEL,MANUAL,1396,89,220,2009,2012,10000,12

Hyundai,Elite i20,Era,PETROL,MANUAL,1197,83,115,2014,2020,10000,12
Hyundai,Elite i20,Magna,PETROL,MANUAL,1197,83,115,2014,2020,10000,12
Hyundai,Elite i20,Sportz,PETROL,MANUAL,1197,83,115,2014,2020,10000,12
Hyundai,Elite i20,Asta,PETROL,MANUAL,1197,83,115,2014,2020,10000,12
Hyundai,Elite i20,Asta (O),PETROL,MANUAL,1197,83,115,2018,2020,10000,12
Hyundai,Elite i20,Sportz CVT,PETROL,AUTOMATIC,1197,83,115,2018,2020,10000,12
Hyundai,Elite i20,Asta CVT,PETROL,AUTOMATIC,1197,83,115,2018,2020,10000,12
Hyundai,Elite i20,Magna Diesel,DIESEL,MANUAL,1396,90,220,2014,2020,10000,12
Hyundai,Elite i20,Sportz Diesel,DIESEL,MANUAL,1396,90,220,2014,2020,10000,12
Hyundai,Elite i20,Asta Diesel,DIESEL,MANUAL,1396,90,220,2014,2020,10000,12

Hyundai,i20 Active,Base,PETROL,MANUAL,1197,83,115,2015,2020,10000,12
Hyundai,i20 Active,S,PETROL,MANUAL,1197,83,115,2015,2020,10000,12
Hyundai,i20 Active,SX,PETROL,MANUAL,1197,83,115,2015,2020,10000,12
Hyundai,i20 Active,SX Dual Tone,PETROL,MANUAL,1197,83,115,2017,2020,10000,12
Hyundai,i20 Active,S Diesel,DIESEL,MANUAL,1396,90,220,2015,2020,10000,12
Hyundai,i20 Active,SX Diesel,DIESEL,MANUAL,1396,90,220,2015,2020,10000,12

Hyundai,i20 N Line,N6 iMT,PETROL,MANUAL,998,120,172,2021,,10000,12
Hyundai,i20 N Line,N8 iMT,PETROL,MANUAL,998,120,172,2021,,10000,12
Hyundai,i20 N Line,N6 DCT,PETROL,AUTOMATIC,998,120,172,2021,,10000,12
Hyundai,i20 N Line,N8 DCT,PETROL,AUTOMATIC,998,120,172,2021,,10000,12
Hyundai,i20 N Line,N8 DCT Dual Tone,PETROL,AUTOMATIC,998,120,172,2022,,10000,12

Hyundai,Getz,GLE,PETROL,MANUAL,1086,62,96,2004,2011,10000,12
Hyundai,Getz,GLS,PETROL,MANUAL,1341,82,114,2004,2011,10000,12
Hyundai,Getz,GVS,PETROL,MANUAL,1599,103,143,2005,2011,10000,12
Hyundai,Getz,GL Diesel,DIESEL,MANUAL,1493,110,235,2007,2011,10000,12
Hyundai,Getz,GLS CRDi,DIESEL,MANUAL,1493,110,235,2007,2011,10000,12

Hyundai,Accent,GLE,PETROL,MANUAL,1495,94,125,1999,2011,10000,12
Hyundai,Accent,GLS,PETROL,MANUAL,1495,94,125,1999,2011,10000,12
Hyundai,Accent,GVS,PETROL,MANUAL,1495,94,125,2001,2011,10000,12
Hyundai,Accent,CRDi,DIESEL,MANUAL,1493,110,235,2002,2011,10000,12
Hyundai,Accent,CRDi GLS,DIESEL,MANUAL,1493,110,235,2004,2011,10000,12

Hyundai,Verna,EX,PETROL,MANUAL,1497,115,144,2006,,10000,12
Hyundai,Verna,S,PETROL,MANUAL,1497,115,144,2006,,10000,12
Hyundai,Verna,SX,PETROL,MANUAL,1497,115,144,2006,,10000,12
Hyundai,Verna,SX (O),PETROL,MANUAL,1497,115,144,2006,,10000,12
Hyundai,Verna,S iVT,PETROL,AUTOMATIC,1497,115,144,2020,,10000,12
Hyundai,Verna,SX iVT,PETROL,AUTOMATIC,1497,115,144,2020,,10000,12
Hyundai,Verna,SX (O) iVT,PETROL,AUTOMATIC,1497,115,144,2020,,10000,12
Hyundai,Verna,SX Turbo,PETROL,MANUAL,1482,160,253,2023,,10000,12
Hyundai,Verna,SX Turbo DCT,PETROL,AUTOMATIC,1482,160,253,2023,,10000,12
Hyundai,Verna,SX (O) Turbo DCT,PETROL,AUTOMATIC,1482,160,253,2023,,10000,12
Hyundai,Verna,SX Diesel,DIESEL,MANUAL,1493,115,250,2011,2023,10000,12
Hyundai,Verna,SX AT Diesel,DIESEL,AUTOMATIC,1493,115,250,2018,2023,10000,12

Hyundai,Aura,E,PETROL,MANUAL,1197,83,114,2020,,10000,12
Hyundai,Aura,S,PETROL,MANUAL,1197,83,114,2020,,10000,12
Hyundai,Aura,SX,PETROL,MANUAL,1197,83,114,2020,,10000,12
Hyundai,Aura,SX Plus,PETROL,MANUAL,1197,83,114,2020,,10000,12
Hyundai,Aura,S AMT,PETROL,AUTOMATIC,1197,83,114,2020,,10000,12
Hyundai,Aura,SX Plus AMT,PETROL,AUTOMATIC,1197,83,114,2020,,10000,12
Hyundai,Aura,S CNG,CNG,MANUAL,1197,69,95,2020,,10000,12
Hyundai,Aura,SX CNG,CNG,MANUAL,1197,69,95,2020,,10000,12
Hyundai,Aura,SX Diesel,DIESEL,MANUAL,1186,75,190,2020,2023,10000,12

Hyundai,Xcent,Base,PETROL,MANUAL,1197,83,114,2014,2020,10000,12
Hyundai,Xcent,S,PETROL,MANUAL,1197,83,114,2014,2020,10000,12
Hyundai,Xcent,SX,PETROL,MANUAL,1197,83,114,2014,2020,10000,12
Hyundai,Xcent,SX Option,PETROL,MANUAL,1197,83,114,2014,2020,10000,12
Hyundai,Xcent,SX AT,PETROL,AUTOMATIC,1197,83,114,2016,2020,10000,12
Hyundai,Xcent,S Diesel,DIESEL,MANUAL,1120,75,190,2014,2020,10000,12
Hyundai,Xcent,SX Diesel,DIESEL,MANUAL,1120,75,190,2014,2020,10000,12
Hyundai,Xcent,SX Option Diesel,DIESEL,MANUAL,1120,75,190,2014,2020,10000,12

Hyundai,Elantra,S,PETROL,MANUAL,1797,152,192,2004,,10000,12
Hyundai,Elantra,SX,PETROL,MANUAL,1797,152,192,2004,,10000,12
Hyundai,Elantra,SX AT,PETROL,AUTOMATIC,1999,152,192,2012,,10000,12
Hyundai,Elantra,SX (O),PETROL,AUTOMATIC,1999,152,192,2015,,10000,12
Hyundai,Elantra,SX Diesel,DIESEL,MANUAL,1582,128,260,2012,2020,10000,12
Hyundai,Elantra,SX AT Diesel,DIESEL,AUTOMATIC,1582,128,260,2012,2020,10000,12

Hyundai,Sonata,GLS,PETROL,MANUAL,2359,165,228,2001,,10000,12
Hyundai,Sonata,Embera,PETROL,MANUAL,2359,165,228,2005,2010,10000,12
Hyundai,Sonata,Transform,PETROL,AUTOMATIC,2359,165,228,2010,2015,10000,12
Hyundai,Sonata,AT,PETROL,AUTOMATIC,2359,178,231,2012,,10000,12
Hyundai,Sonata,Hybrid,HYBRID,AUTOMATIC,1999,193,367,2016,,10000,12

Hyundai,Venue,E,PETROL,MANUAL,1197,83,114,2019,,10000,12
Hyundai,Venue,S,PETROL,MANUAL,1197,83,114,2019,,10000,12
Hyundai,Venue,S+,PETROL,MANUAL,1197,83,114,2019,,10000,12
Hyundai,Venue,SX,PETROL,MANUAL,998,120,172,2019,,10000,12
Hyundai,Venue,SX (O),PETROL,MANUAL,998,120,172,2019,,10000,12
Hyundai,Venue,SX iMT,PETROL,MANUAL,998,120,172,2020,,10000,12
Hyundai,Venue,SX DCT,PETROL,AUTOMATIC,998,120,172,2019,,10000,12
Hyundai,Venue,SX (O) DCT,PETROL,AUTOMATIC,998,120,172,2019,,10000,12
Hyundai,Venue,S Diesel,DIESEL,MANUAL,1493,100,240,2019,2023,10000,12
Hyundai,Venue,SX Diesel,DIESEL,MANUAL,1493,100,240,2019,2023,10000,12
Hyundai,Venue,SX (O) Diesel,DIESEL,MANUAL,1493,100,240,2019,2023,10000,12

Hyundai,Venue N Line,N6 iMT,PETROL,MANUAL,998,120,172,2022,,10000,12
Hyundai,Venue N Line,N8 iMT,PETROL,MANUAL,998,120,172,2022,,10000,12
Hyundai,Venue N Line,N6 DCT,PETROL,AUTOMATIC,998,120,172,2022,,10000,12
Hyundai,Venue N Line,N8 DCT,PETROL,AUTOMATIC,998,120,172,2022,,10000,12

Hyundai,Creta,E,PETROL,MANUAL,1497,115,144,2015,,10000,12
Hyundai,Creta,EX,PETROL,MANUAL,1497,115,144,2015,,10000,12
Hyundai,Creta,S,PETROL,MANUAL,1497,115,144,2015,,10000,12
Hyundai,Creta,SX,PETROL,MANUAL,1497,115,144,2015,,10000,12
Hyundai,Creta,SX (O),PETROL,MANUAL,1497,115,144,2015,,10000,12
Hyundai,Creta,S IVT,PETROL,AUTOMATIC,1497,115,144,2020,,10000,12
Hyundai,Creta,SX IVT,PETROL,AUTOMATIC,1497,115,144,2020,,10000,12
Hyundai,Creta,SX (O) IVT,PETROL,AUTOMATIC,1497,115,144,2020,,10000,12
Hyundai,Creta,SX Turbo DCT,PETROL,AUTOMATIC,1482,160,253,2024,,10000,12
Hyundai,Creta,SX (O) Turbo DCT,PETROL,AUTOMATIC,1482,160,253,2024,,10000,12
Hyundai,Creta,E Diesel,DIESEL,MANUAL,1493,116,250,2020,2023,10000,12
Hyundai,Creta,S Diesel,DIESEL,MANUAL,1493,116,250,2020,2023,10000,12
Hyundai,Creta,SX Diesel,DIESEL,MANUAL,1493,116,250,2020,2023,10000,12
Hyundai,Creta,SX (O) Diesel,DIESEL,MANUAL,1493,116,250,2020,2023,10000,12
Hyundai,Creta,SX AT Diesel,DIESEL,AUTOMATIC,1493,116,250,2020,2023,10000,12

Hyundai,Creta N Line,N8,PETROL,MANUAL,1482,160,253,2024,,10000,12
Hyundai,Creta N Line,N10,PETROL,MANUAL,1482,160,253,2024,,10000,12
Hyundai,Creta N Line,N8 DCT,PETROL,AUTOMATIC,1482,160,253,2024,,10000,12
Hyundai,Creta N Line,N10 DCT,PETROL,AUTOMATIC,1482,160,253,2024,,10000,12

Hyundai,Alcazar,Prestige,PETROL,MANUAL,1482,160,253,2021,,10000,12
Hyundai,Alcazar,Platinum,PETROL,MANUAL,1482,160,253,2021,,10000,12
Hyundai,Alcazar,Signature,PETROL,MANUAL,1482,160,253,2021,,10000,12
Hyundai,Alcazar,Platinum DCT,PETROL,AUTOMATIC,1482,160,253,2021,,10000,12
Hyundai,Alcazar,Signature DCT,PETROL,AUTOMATIC,1482,160,253,2021,,10000,12
Hyundai,Alcazar,Prestige Diesel,DIESEL,MANUAL,1493,116,250,2021,2024,10000,12
Hyundai,Alcazar,Platinum Diesel,DIESEL,MANUAL,1493,116,250,2021,2024,10000,12
Hyundai,Alcazar,Signature Diesel,DIESEL,MANUAL,1493,116,250,2021,2024,10000,12
Hyundai,Alcazar,Signature AT Diesel,DIESEL,AUTOMATIC,1493,116,250,2021,2024,10000,12

Hyundai,Exter,EX,PETROL,MANUAL,1197,83,114,2023,,10000,12
Hyundai,Exter,S,PETROL,MANUAL,1197,83,114,2023,,10000,12
Hyundai,Exter,SX,PETROL,MANUAL,1197,83,114,2023,,10000,12
Hyundai,Exter,SX (O),PETROL,MANUAL,1197,83,114,2023,,10000,12
Hyundai,Exter,S AMT,PETROL,AUTOMATIC,1197,83,114,2023,,10000,12
Hyundai,Exter,SX AMT,PETROL,AUTOMATIC,1197,83,114,2023,,10000,12
Hyundai,Exter,SX (O) AMT,PETROL,AUTOMATIC,1197,83,114,2023,,10000,12
Hyundai,Exter,S CNG,CNG,MANUAL,1197,69,95,2023,,10000,12
Hyundai,Exter,SX CNG,CNG,MANUAL,1197,69,95,2023,,10000,12

Hyundai,Tucson,Platinum Petrol,PETROL,AUTOMATIC,1999,156,192,2016,,10000,12
Hyundai,Tucson,Signature Petrol,PETROL,AUTOMATIC,1999,156,192,2016,,10000,12
Hyundai,Tucson,GLS Diesel,DIESEL,MANUAL,1995,185,400,2016,2022,10000,12
Hyundai,Tucson,Platinum Diesel,DIESEL,AUTOMATIC,1995,186,416,2022,,10000,12
Hyundai,Tucson,Signature Diesel,DIESEL,AUTOMATIC,1995,186,416,2022,,10000,12

Hyundai,Santa Fe,2WD MT,DIESEL,MANUAL,2199,194,436,2007,,10000,12
Hyundai,Santa Fe,2WD AT,DIESEL,AUTOMATIC,2199,194,436,2007,,10000,12
Hyundai,Santa Fe,4WD MT,DIESEL,MANUAL,2199,194,436,2007,,10000,12
Hyundai,Santa Fe,4WD AT,DIESEL,AUTOMATIC,2199,194,436,2007,,10000,12
Hyundai,Santa Fe,Premium 4WD,DIESEL,AUTOMATIC,2199,194,436,2014,,10000,12

Hyundai,Terracan,GL,DIESEL,MANUAL,2497,100,225,2001,2007,10000,12
Hyundai,Terracan,GLS,DIESEL,MANUAL,2902,148,343,2001,2007,10000,12
Hyundai,Terracan,CRDi,DIESEL,MANUAL,2902,163,345,2003,2007,10000,12
Hyundai,Terracan,CRDi AT,DIESEL,AUTOMATIC,2902,163,345,2003,2007,10000,12

Hyundai,Kona Electric,Premium,EV,AUTOMATIC,0,136,395,2019,,15000,12
Hyundai,Kona Electric,Premium Dual Tone,EV,AUTOMATIC,0,136,395,2020,,15000,12
Hyundai,Kona Electric,Premium 39.2kWh,EV,AUTOMATIC,0,136,395,2019,2023,15000,12
Hyundai,Kona Electric,Premium 39.2kWh Facelift,EV,AUTOMATIC,0,136,395,2021,2023,15000,12

Hyundai,Ioniq 5,RWD,EV,AUTOMATIC,0,217,350,2023,,15000,12
Hyundai,Ioniq 5,RWD Long Range,EV,AUTOMATIC,0,217,350,2023,,15000,12
Hyundai,Ioniq 5,AWD Long Range,EV,AUTOMATIC,0,305,605,2024,,15000,12
Hyundai,Ioniq 5,N Line,EV,AUTOMATIC,0,325,605,2025,,15000,12

Tata,Nano,Std,PETROL,MANUAL,624,38,51,2008,2019,10000,12
Tata,Nano,CX,PETROL,MANUAL,624,38,51,2008,2019,10000,12
Tata,Nano,LX,PETROL,MANUAL,624,38,51,2008,2019,10000,12
Tata,Nano,Twist XE,PETROL,MANUAL,624,38,51,2014,2019,10000,12
Tata,Nano,Twist XT,PETROL,MANUAL,624,38,51,2014,2019,10000,12
Tata,Nano,Twist XTA,PETROL,AUTOMATIC,624,38,51,2015,2019,10000,12
Tata,Nano,GenX XE,PETROL,MANUAL,624,38,51,2015,2019,10000,12
Tata,Nano,GenX XM,PETROL,MANUAL,624,38,51,2015,2019,10000,12
Tata,Nano,GenX XT,PETROL,MANUAL,624,38,51,2015,2019,10000,12
Tata,Nano,GenX XMA,PETROL,AUTOMATIC,624,38,51,2015,2019,10000,12
Tata,Nano,GenX XTA,PETROL,AUTOMATIC,624,38,51,2015,2019,10000,12
Tata,Nano,eMax CNG,CNG,MANUAL,624,33,45,2013,2019,10000,12

Tata,Tiago,XE,PETROL,MANUAL,1199,86,113,2016,,15000,12
Tata,Tiago,XM,PETROL,MANUAL,1199,86,113,2016,,15000,12
Tata,Tiago,XT,PETROL,MANUAL,1199,86,113,2016,,15000,12
Tata,Tiago,XT Rhythm,PETROL,MANUAL,1199,86,113,2018,,15000,12
Tata,Tiago,XZ,PETROL,MANUAL,1199,86,113,2016,,15000,12
Tata,Tiago,XZ+,PETROL,MANUAL,1199,86,113,2016,,15000,12
Tata,Tiago,XT AMT,PETROL,AUTOMATIC,1199,86,113,2017,,15000,12
Tata,Tiago,XZ AMT,PETROL,AUTOMATIC,1199,86,113,2017,,15000,12
Tata,Tiago,XZ+ AMT,PETROL,AUTOMATIC,1199,86,113,2017,,15000,12
Tata,Tiago,XM CNG,CNG,MANUAL,1199,73,95,2022,,15000,12
Tata,Tiago,XT CNG,CNG,MANUAL,1199,73,95,2022,,15000,12
Tata,Tiago,XZ+ CNG,CNG,MANUAL,1199,73,95,2022,,15000,12

Tata,Tiago EV,XE Medium Range,EV,AUTOMATIC,0,61,110,2022,,15000,12
Tata,Tiago EV,XT Medium Range,EV,AUTOMATIC,0,61,110,2022,,15000,12
Tata,Tiago EV,XT Long Range,EV,AUTOMATIC,0,75,114,2022,,15000,12
Tata,Tiago EV,XZ+ Tech Lux Long Range,EV,AUTOMATIC,0,75,114,2022,,15000,12
Tata,Tiago EV,XZ+ Long Range,EV,AUTOMATIC,0,75,114,2022,,15000,12

Tata,Altroz,XE,PETROL,MANUAL,1199,88,115,2020,,15000,12
Tata,Altroz,XM,PETROL,MANUAL,1199,88,115,2020,,15000,12
Tata,Altroz,XT,PETROL,MANUAL,1199,88,115,2020,,15000,12
Tata,Altroz,XZ,PETROL,MANUAL,1199,88,115,2020,,15000,12
Tata,Altroz,XZ+,PETROL,MANUAL,1199,88,115,2020,,15000,12
Tata,Altroz,XMA,PETROL,AUTOMATIC,1199,88,115,2022,,15000,12
Tata,Altroz,XZA+,PETROL,AUTOMATIC,1199,88,115,2022,,15000,12
Tata,Altroz,XM iTurbo,PETROL,MANUAL,1199,110,140,2021,,15000,12
Tata,Altroz,XZ iTurbo,PETROL,MANUAL,1199,110,140,2021,,15000,12
Tata,Altroz,XZ Diesel,DIESEL,MANUAL,1497,90,200,2020,,15000,12
Tata,Altroz,XZ+ Diesel,DIESEL,MANUAL,1497,90,200,2020,,15000,12
Tata,Altroz,XM CNG,CNG,MANUAL,1199,73,103,2023,,15000,12
Tata,Altroz,XZ CNG,CNG,MANUAL,1199,73,103,2023,,15000,12

Tata,Altroz Racer,R1,PETROL,MANUAL,1199,120,170,2024,,15000,12
Tata,Altroz Racer,R2,PETROL,MANUAL,1199,120,170,2024,,15000,12
Tata,Altroz Racer,R3,PETROL,MANUAL,1199,120,170,2024,,15000,12

Tata,Indica,LEi,PETROL,MANUAL,1396,60,110,1998,2006,15000,12
Tata,Indica,LSi,PETROL,MANUAL,1396,60,110,1998,2006,15000,12
Tata,Indica,LXi,PETROL,MANUAL,1396,60,110,1998,2006,15000,12
Tata,Indica,DL,DIESEL,MANUAL,1405,53,85,1998,2006,15000,12
Tata,Indica,DLE,DIESEL,MANUAL,1405,53,85,1998,2006,15000,12
Tata,Indica,DLS,DIESEL,MANUAL,1405,53,85,1998,2006,15000,12
Tata,Indica,DLX,DIESEL,MANUAL,1405,53,85,1998,2006,15000,12
Tata,Indica,Turbo DLS,DIESEL,MANUAL,1405,70,135,2001,2006,15000,12
Tata,Indica,Turbo DLX,DIESEL,MANUAL,1405,70,135,2001,2006,15000,12

Tata,Indica V2,LEi,PETROL,MANUAL,1396,65,110,2001,2011,15000,12
Tata,Indica V2,LSi,PETROL,MANUAL,1396,65,110,2001,2011,15000,12
Tata,Indica V2,GLE,PETROL,MANUAL,1396,65,110,2005,2011,15000,12
Tata,Indica V2,DLE,DIESEL,MANUAL,1405,70,135,2001,2011,15000,12
Tata,Indica V2,DLS,DIESEL,MANUAL,1405,70,135,2001,2011,15000,12
Tata,Indica V2,DLX,DIESEL,MANUAL,1405,70,135,2001,2011,15000,12
Tata,Indica V2,Turbo DLX,DIESEL,MANUAL,1405,70,135,2003,2011,15000,12
Tata,Indica V2,Xeta GLE,PETROL,MANUAL,1405,70,110,2006,2011,15000,12
Tata,Indica V2,Xeta GLS,PETROL,MANUAL,1405,70,110,2006,2011,15000,12

Tata,Indica Vista,Safire Aura,PETROL,MANUAL,1172,65,96,2008,2018,15000,12
Tata,Indica Vista,Safire Terra,PETROL,MANUAL,1172,65,96,2008,2018,15000,12
Tata,Indica Vista,Safire Aqua,PETROL,MANUAL,1368,90,116,2011,2018,15000,12
Tata,Indica Vista,TDI Terra,DIESEL,MANUAL,1405,70,140,2008,2018,15000,12
Tata,Indica Vista,Quadrajet LS,DIESEL,MANUAL,1248,75,190,2009,2018,15000,12
Tata,Indica Vista,Quadrajet LX,DIESEL,MANUAL,1248,75,190,2009,2018,15000,12
Tata,Indica Vista,Quadrajet VX,DIESEL,MANUAL,1248,90,200,2011,2018,15000,12
Tata,Indica Vista,D90 ZX,DIESEL,MANUAL,1248,90,200,2013,2018,15000,12

Tata,Bolt,XE,PETROL,MANUAL,1193,90,140,2015,2019,15000,12
Tata,Bolt,XM,PETROL,MANUAL,1193,90,140,2015,2019,15000,12
Tata,Bolt,XT,PETROL,MANUAL,1193,90,140,2015,2019,15000,12
Tata,Bolt,XT Black Edition,PETROL,MANUAL,1193,90,140,2016,2019,15000,12
Tata,Bolt,XE Diesel,DIESEL,MANUAL,1248,75,190,2015,2019,15000,12
Tata,Bolt,XM Diesel,DIESEL,MANUAL,1248,75,190,2015,2019,15000,12
Tata,Bolt,XT Diesel,DIESEL,MANUAL,1248,75,190,2015,2019,15000,12
Tata,Bolt,XT Quadrajet,DIESEL,MANUAL,1248,90,200,2016,2019,15000,12

Tata,Zest,XE,PETROL,MANUAL,1193,90,140,2014,2020,15000,12
Tata,Zest,XM,PETROL,MANUAL,1193,90,140,2014,2020,15000,12
Tata,Zest,XT,PETROL,MANUAL,1193,90,140,2014,2020,15000,12
Tata,Zest,XTA,PETROL,AUTOMATIC,1193,90,140,2015,2020,15000,12
Tata,Zest,XE Diesel,DIESEL,MANUAL,1248,75,190,2014,2020,15000,12
Tata,Zest,XM Diesel,DIESEL,MANUAL,1248,75,190,2014,2020,15000,12
Tata,Zest,XT Diesel,DIESEL,MANUAL,1248,90,200,2014,2020,15000,12
Tata,Zest,XT AMT Diesel,DIESEL,AUTOMATIC,1248,90,200,2015,2020,15000,12

Tata,Tigor,XE,PETROL,MANUAL,1199,86,113,2017,,15000,12
Tata,Tigor,XM,PETROL,MANUAL,1199,86,113,2017,,15000,12
Tata,Tigor,XT,PETROL,MANUAL,1199,86,113,2017,,15000,12
Tata,Tigor,XZ,PETROL,MANUAL,1199,86,113,2017,,15000,12
Tata,Tigor,XZ+,PETROL,MANUAL,1199,86,113,2017,,15000,12
Tata,Tigor,XMA,PETROL,AUTOMATIC,1199,86,113,2018,,15000,12
Tata,Tigor,XZA+,PETROL,AUTOMATIC,1199,86,113,2018,,15000,12
Tata,Tigor,XM CNG,CNG,MANUAL,1199,73,95,2022,,15000,12
Tata,Tigor,XZ CNG,CNG,MANUAL,1199,73,95,2022,,15000,12
Tata,Tigor,XZ+ CNG,CNG,MANUAL,1199,73,95,2022,,15000,12

Tata,Tigor EV,XE,EV,AUTOMATIC,0,75,170,2021,,15000,12
Tata,Tigor EV,XT,EV,AUTOMATIC,0,75,170,2021,,15000,12
Tata,Tigor EV,XZ+,EV,AUTOMATIC,0,75,170,2021,,15000,12
Tata,Tigor EV,XZ+ Lux,EV,AUTOMATIC,0,75,170,2021,,15000,12

Tata,Indigo,LS,PETROL,MANUAL,1396,70,110,2002,2016,15000,12
Tata,Indigo,LX,PETROL,MANUAL,1396,70,110,2002,2016,15000,12
Tata,Indigo,GLX,PETROL,MANUAL,1396,70,110,2002,2016,15000,12
Tata,Indigo,LS TDI,DIESEL,MANUAL,1405,70,135,2002,2016,15000,12
Tata,Indigo,LX TDI,DIESEL,MANUAL,1405,70,135,2002,2016,15000,12
Tata,Indigo,Marina TDI,DIESEL,MANUAL,1405,70,135,2004,2011,15000,12
Tata,Indigo,CS eCS GLS,PETROL,MANUAL,1193,65,100,2008,2016,15000,12
Tata,Indigo,eCS LX TDI,DIESEL,MANUAL,1405,70,135,2008,2016,15000,12

Tata,Indigo CS,LS,PETROL,MANUAL,1193,65,100,2008,2016,15000,12
Tata,Indigo CS,LX,PETROL,MANUAL,1193,65,100,2008,2016,15000,12
Tata,Indigo CS,GLX,PETROL,MANUAL,1193,65,100,2008,2016,15000,12
Tata,Indigo CS,LS TDI,DIESEL,MANUAL,1405,70,135,2008,2016,15000,12
Tata,Indigo CS,LX TDI,DIESEL,MANUAL,1405,70,135,2008,2016,15000,12
Tata,Indigo CS,eCS VX CR4,DIESEL,MANUAL,1396,70,140,2013,2016,15000,12

Tata,Manza,Aqua Safire,PETROL,MANUAL,1368,90,116,2009,2016,15000,12
Tata,Manza,Aura Safire,PETROL,MANUAL,1368,90,116,2009,2016,15000,12
Tata,Manza,Club Class Safire,PETROL,MANUAL,1368,90,116,2013,2016,15000,12
Tata,Manza,Aqua Quadrajet,DIESEL,MANUAL,1248,90,200,2009,2016,15000,12
Tata,Manza,Aura Quadrajet,DIESEL,MANUAL,1248,90,200,2009,2016,15000,12
Tata,Manza,Club Class Quadrajet,DIESEL,MANUAL,1248,90,200,2013,2016,15000,12

Tata,Punch,Pure,PETROL,MANUAL,1199,88,115,2021,,15000,12
Tata,Punch,Adventure,PETROL,MANUAL,1199,88,115,2021,,15000,12
Tata,Punch,Accomplished,PETROL,MANUAL,1199,88,115,2021,,15000,12
Tata,Punch,Creative,PETROL,MANUAL,1199,88,115,2021,,15000,12
Tata,Punch,Adventure AMT,PETROL,AUTOMATIC,1199,88,115,2021,,15000,12
Tata,Punch,Accomplished AMT,PETROL,AUTOMATIC,1199,88,115,2021,,15000,12
Tata,Punch,Creative AMT,PETROL,AUTOMATIC,1199,88,115,2021,,15000,12
Tata,Punch,Adventure CNG,CNG,MANUAL,1199,73,103,2023,,15000,12
Tata,Punch,Accomplished CNG,CNG,MANUAL,1199,73,103,2023,,15000,12
Tata,Punch,Creative CNG,CNG,MANUAL,1199,73,103,2023,,15000,12

Tata,Punch EV,Smart,EV,AUTOMATIC,0,82,114,2024,,15000,12
Tata,Punch EV,Smart+,EV,AUTOMATIC,0,82,114,2024,,15000,12
Tata,Punch EV,Adventure,EV,AUTOMATIC,0,82,114,2024,,15000,12
Tata,Punch EV,Adventure S,EV,AUTOMATIC,0,82,114,2024,,15000,12
Tata,Punch EV,Empowered,EV,AUTOMATIC,0,122,190,2024,,15000,12
Tata,Punch EV,Empowered+,EV,AUTOMATIC,0,122,190,2024,,15000,12

Tata,Nexon,Smart,PETROL,MANUAL,1199,120,170,2017,,15000,12
Tata,Nexon,Smart+,PETROL,MANUAL,1199,120,170,2023,,15000,12
Tata,Nexon,Pure,PETROL,MANUAL,1199,120,170,2017,,15000,12
Tata,Nexon,Pure S,PETROL,MANUAL,1199,120,170,2023,,15000,12
Tata,Nexon,Creative,PETROL,MANUAL,1199,120,170,2023,,15000,12
Tata,Nexon,Creative+,PETROL,MANUAL,1199,120,170,2023,,15000,12
Tata,Nexon,Fearless,PETROL,MANUAL,1199,120,170,2023,,15000,12
Tata,Nexon,Fearless+,PETROL,MANUAL,1199,120,170,2023,,15000,12
Tata,Nexon,Creative DCA,PETROL,AUTOMATIC,1199,120,170,2023,,15000,12
Tata,Nexon,Fearless DCA,PETROL,AUTOMATIC,1199,120,170,2023,,15000,12
Tata,Nexon,Smart Diesel,DIESEL,MANUAL,1497,115,260,2017,,15000,12
Tata,Nexon,Pure Diesel,DIESEL,MANUAL,1497,115,260,2017,,15000,12
Tata,Nexon,Creative Diesel,DIESEL,MANUAL,1497,115,260,2023,,15000,12
Tata,Nexon,Fearless Diesel,DIESEL,MANUAL,1497,115,260,2023,,15000,12
Tata,Nexon,Creative Diesel AMT,DIESEL,AUTOMATIC,1497,115,260,2023,,15000,12
Tata,Nexon,Fearless Diesel AMT,DIESEL,AUTOMATIC,1497,115,260,2023,,15000,12

Tata,Nexon EV,Creative Medium Range,EV,AUTOMATIC,0,129,215,2020,,15000,12
Tata,Nexon EV,Creative+,EV,AUTOMATIC,0,129,215,2020,,15000,12
Tata,Nexon EV,Fearless Medium Range,EV,AUTOMATIC,0,129,215,2020,,15000,12
Tata,Nexon EV,Fearless+,EV,AUTOMATIC,0,129,215,2020,,15000,12
Tata,Nexon EV,Empowered Medium Range,EV,AUTOMATIC,0,129,215,2023,,15000,12
Tata,Nexon EV,Empowered+,EV,AUTOMATIC,0,145,215,2023,,15000,12
Tata,Nexon EV,Long Range Fearless,EV,AUTOMATIC,0,145,215,2023,,15000,12
Tata,Nexon EV,Long Range Empowered+,EV,AUTOMATIC,0,145,215,2023,,15000,12

Tata,Harrier,Smart,DIESEL,MANUAL,1956,170,350,2019,,15000,12
Tata,Harrier,Pure,DIESEL,MANUAL,1956,170,350,2019,,15000,12
Tata,Harrier,Adventure,DIESEL,MANUAL,1956,170,350,2019,,15000,12
Tata,Harrier,Fearless,DIESEL,MANUAL,1956,170,350,2019,,15000,12
Tata,Harrier,Fearless+,DIESEL,MANUAL,1956,170,350,2023,,15000,12
Tata,Harrier,Adventure AT,DIESEL,AUTOMATIC,1956,170,350,2020,,15000,12
Tata,Harrier,Fearless AT,DIESEL,AUTOMATIC,1956,170,350,2020,,15000,12
Tata,Harrier,Fearless+ AT,DIESEL,AUTOMATIC,1956,170,350,2023,,15000,12

Tata,Safari,XE,DIESEL,MANUAL,1956,170,350,2021,,15000,12
Tata,Safari,XM,DIESEL,MANUAL,1956,170,350,2021,,15000,12
Tata,Safari,XT,DIESEL,MANUAL,1956,170,350,2021,,15000,12
Tata,Safari,XT+,DIESEL,MANUAL,1956,170,350,2021,,15000,12
Tata,Safari,XZ,DIESEL,MANUAL,1956,170,350,2021,,15000,12
Tata,Safari,XZ+,DIESEL,MANUAL,1956,170,350,2021,,15000,12
Tata,Safari,Accomplished,DIESEL,MANUAL,1956,170,350,2023,,15000,12
Tata,Safari,Accomplished+,DIESEL,MANUAL,1956,170,350,2023,,15000,12
Tata,Safari,Fearless,DIESEL,MANUAL,1956,170,350,2023,,15000,12
Tata,Safari,Fearless+,DIESEL,MANUAL,1956,170,350,2023,,15000,12
Tata,Safari,XT AT,DIESEL,AUTOMATIC,1956,170,350,2021,,15000,12
Tata,Safari,XT+ AT,DIESEL,AUTOMATIC,1956,170,350,2021,,15000,12
Tata,Safari,XZ AT,DIESEL,AUTOMATIC,1956,170,350,2021,,15000,12
Tata,Safari,XZ+ AT,DIESEL,AUTOMATIC,1956,170,350,2021,,15000,12
Tata,Safari,Accomplished AT,DIESEL,AUTOMATIC,1956,170,350,2023,,15000,12
Tata,Safari,Accomplished+ AT,DIESEL,AUTOMATIC,1956,170,350,2023,,15000,12
Tata,Safari,Fearless AT,DIESEL,AUTOMATIC,1956,170,350,2023,,15000,12
Tata,Safari,Fearless+ AT,DIESEL,AUTOMATIC,1956,170,350,2023,,15000,12

Tata,Hexa,XE,DIESEL,MANUAL,2179,150,320,2017,2020,15000,12
Tata,Hexa,XM,DIESEL,MANUAL,2179,150,320,2017,2020,15000,12
Tata,Hexa,XT,DIESEL,MANUAL,2179,156,400,2017,2020,15000,12
Tata,Hexa,XT 4x4,DIESEL,MANUAL,2179,156,400,2017,2020,15000,12
Tata,Hexa,XTA,DIESEL,AUTOMATIC,2179,156,400,2017,2020,15000,12
Tata,Hexa,XTA 4x4,DIESEL,AUTOMATIC,2179,156,400,2017,2020,15000,12

Tata,Sumo,Deluxe,DIESEL,MANUAL,1948,68,118,1994,2019,15000,12
Tata,Sumo,DX,DIESEL,MANUAL,1948,68,118,1994,2019,15000,12
Tata,Sumo,EX,DIESEL,MANUAL,2956,85,250,2004,2019,15000,12
Tata,Sumo,LX,DIESEL,MANUAL,2956,85,250,2004,2019,15000,12
Tata,Sumo,Gold CX,DIESEL,MANUAL,2956,85,250,2012,2019,15000,12
Tata,Sumo,Gold EX,DIESEL,MANUAL,2956,85,250,2012,2019,15000,12
Tata,Sumo,Gold GX,DIESEL,MANUAL,2956,85,250,2012,2019,15000,12
Tata,Sumo,Gold LX,DIESEL,MANUAL,2956,85,250,2012,2019,15000,12

Tata,Sumo Grande,CX,DIESEL,MANUAL,2179,120,250,2008,2016,15000,12
Tata,Sumo Grande,EX,DIESEL,MANUAL,2179,120,250,2008,2016,15000,12
Tata,Sumo Grande,GX,DIESEL,MANUAL,2179,120,250,2008,2016,15000,12
Tata,Sumo Grande,LX,DIESEL,MANUAL,2179,120,250,2008,2016,15000,12
Tata,Sumo Grande,MK II,DIESEL,MANUAL,2179,120,250,2012,2016,15000,12

Tata,Safari Storme,LX,DIESEL,MANUAL,2179,150,320,2012,2020,15000,12
Tata,Safari Storme,EX,DIESEL,MANUAL,2179,150,320,2012,2020,15000,12
Tata,Safari Storme,VX,DIESEL,MANUAL,2179,156,400,2012,2020,15000,12
Tata,Safari Storme,VX 4x4,DIESEL,MANUAL,2179,156,400,2012,2020,15000,12
Tata,Safari Storme,Varicor 400 VX,DIESEL,MANUAL,2179,156,400,2015,2020,15000,12
Tata,Safari Storme,Varicor 400 VX 4x4,DIESEL,MANUAL,2179,156,400,2015,2020,15000,12

Tata,Safari,4x2 GX,DIESEL,MANUAL,2956,90,190,1998,2005,15000,12
Tata,Safari,4x4 VX,DIESEL,MANUAL,2956,90,190,1998,2005,15000,12
Tata,Safari,EX,DIESEL,MANUAL,1948,90,190,2002,2005,15000,12
Tata,Safari,DICOR LX,DIESEL,MANUAL,2956,116,300,2005,2010,15000,12
Tata,Safari,DICOR EX,DIESEL,MANUAL,2956,116,300,2005,2010,15000,12
Tata,Safari,DICOR VX,DIESEL,MANUAL,2956,116,300,2005,2010,15000,12
Tata,Safari,DICOR VX 4x4,DIESEL,MANUAL,2956,116,300,2005,2010,15000,12
Tata,Safari,DICOR 2.2 LX,DIESEL,MANUAL,2179,140,320,2010,2012,15000,12
Tata,Safari,DICOR 2.2 VX,DIESEL,MANUAL,2179,140,320,2010,2012,15000,12

Tata,Aria,Pure,DIESEL,MANUAL,2179,140,320,2010,2017,15000,12
Tata,Aria,Pleasure,DIESEL,MANUAL,2179,140,320,2010,2017,15000,12
Tata,Aria,Pride,DIESEL,MANUAL,2179,140,320,2010,2017,15000,12
Tata,Aria,Prestige,DIESEL,MANUAL,2179,140,320,2010,2017,15000,12
Tata,Aria,Pride 4x4,DIESEL,MANUAL,2179,140,320,2010,2017,15000,12
Tata,Aria,Prestige 4x4,DIESEL,MANUAL,2179,140,320,2010,2017,15000,12

Tata,Movus,CX,DIESEL,MANUAL,2179,140,320,2014,2016,15000,12
Tata,Movus,LX,DIESEL,MANUAL,2179,140,320,2014,2016,15000,12
Tata,Movus,ZX,DIESEL,MANUAL,2179,140,320,2014,2016,15000,12

Tata,Magic,Standard,DIESEL,MANUAL,702,16,38,2007,,15000,12
Tata,Magic,Express,DIESEL,MANUAL,702,16,38,2007,,15000,12
Tata,Magic,Iris,DIESEL,MANUAL,611,11,31,2010,,15000,12
Tata,Magic,EV,EV,AUTOMATIC,0,36,90,2023,,15000,12

Tata,Ace Gold,Petrol CX,PETROL,MANUAL,694,30,55,2020,,15000,12
Tata,Ace Gold,Diesel Plus,DIESEL,MANUAL,702,20,45,2020,,15000,12
Tata,Ace Gold,CNG Plus,CNG,MANUAL,694,26,51,2020,,15000,12
Tata,Ace EV,Base,EV,AUTOMATIC,0,36,130,2022,,15000,12

Tata,Yodha,Pickup 4x2,DIESEL,MANUAL,2956,100,250,2017,,15000,12
Tata,Yodha,Pickup 4x4,DIESEL,MANUAL,2956,100,250,2017,,15000,12
Tata,Yodha,Crew Cabin,DIESEL,MANUAL,2956,100,250,2018,,15000,12
Tata,Yodha,2.0,DIESEL,MANUAL,2179,100,250,2022,,15000,12

Tata,Intra,V10,PETROL,MANUAL,798,44,110,2019,,15000,12
Tata,Intra,V20,DIESEL,MANUAL,798,70,140,2019,,15000,12
Tata,Intra,V30,DIESEL,MANUAL,1496,70,140,2021,,15000,12
Tata,Intra,V50,DIESEL,MANUAL,1496,80,220,2022,,15000,12

Tata,Winger,Standard,DIESEL,MANUAL,2179,100,200,2007,,15000,12
Tata,Winger,School,DIESEL,MANUAL,2179,100,200,2007,,15000,12
Tata,Winger,Staff,DIESEL,MANUAL,2179,100,200,2007,,15000,12
Tata,Winger,Tourist,DIESEL,MANUAL,2179,100,200,2007,,15000,12
Tata,Winger,Ambulance,DIESEL,MANUAL,2179,100,200,2007,,15000,12

Tata,Curvv,Smart,PETROL,MANUAL,1199,125,225,2024,,15000,12
Tata,Curvv,Pure,PETROL,MANUAL,1199,125,225,2024,,15000,12
Tata,Curvv,Creative,PETROL,MANUAL,1199,125,225,2024,,15000,12
Tata,Curvv,Accomplished,PETROL,MANUAL,1199,125,225,2024,,15000,12
Tata,Curvv,Accomplished+,PETROL,MANUAL,1199,125,225,2024,,15000,12
Tata,Curvv,Creative DCA,PETROL,AUTOMATIC,1199,125,225,2024,,15000,12
Tata,Curvv,Accomplished DCA,PETROL,AUTOMATIC,1199,125,225,2024,,15000,12
Tata,Curvv,Accomplished+ DCA,PETROL,AUTOMATIC,1199,125,225,2024,,15000,12
Tata,Curvv,Creative Diesel,DIESEL,MANUAL,1497,118,260,2024,,15000,12
Tata,Curvv,Accomplished Diesel,DIESEL,MANUAL,1497,118,260,2024,,15000,12
Tata,Curvv,Accomplished+ Diesel,DIESEL,MANUAL,1497,118,260,2024,,15000,12
Tata,Curvv,Accomplished Diesel DCA,DIESEL,AUTOMATIC,1497,118,260,2024,,15000,12
Tata,Curvv,Accomplished+ Diesel DCA,DIESEL,AUTOMATIC,1497,118,260,2024,,15000,12

Tata,Curvv EV,Creative 45,EV,AUTOMATIC,0,150,215,2024,,15000,12
Tata,Curvv EV,Creative+ 45,EV,AUTOMATIC,0,150,215,2024,,15000,12
Tata,Curvv EV,Accomplished 45,EV,AUTOMATIC,0,150,215,2024,,15000,12
Tata,Curvv EV,Accomplished+ 45,EV,AUTOMATIC,0,150,215,2024,,15000,12
Tata,Curvv EV,Empowered+ 55,EV,AUTOMATIC,0,167,215,2024,,15000,12

Tata,Sierra,2.0 Diesel,DIESEL,MANUAL,1948,90,190,1991,2003,15000,12
Tata,Sierra,Turbo Diesel,DIESEL,MANUAL,1948,90,190,1995,2003,15000,12

Tata,Estate,Standard,DIESEL,MANUAL,1948,68,118,1992,2000,15000,12
Tata,Estate,Deluxe,DIESEL,MANUAL,1948,68,118,1992,2000,15000,12

Tata,Sumo Victa,CX,DIESEL,MANUAL,2956,85,250,2004,2012,15000,12
Tata,Sumo Victa,EX,DIESEL,MANUAL,2956,85,250,2004,2012,15000,12
Tata,Sumo Victa,GX,DIESEL,MANUAL,2956,85,250,2004,2012,15000,12
Tata,Sumo Victa,LX,DIESEL,MANUAL,2956,85,250,2004,2012,15000,12
Tata,Sumo Victa,Turbo DI,DIESEL,MANUAL,2956,90,250,2006,2012,15000,12

Tata,Spacio,Standard,DIESEL,MANUAL,1948,68,118,2000,2011,15000,12
Tata,Spacio,Deluxe,DIESEL,MANUAL,1948,68,118,2000,2011,15000,12
Tata,Spacio,Gold,DIESEL,MANUAL,2956,70,223,2007,2011,15000,12

Tata,Xenon XT,EX 4x2,DIESEL,MANUAL,2179,140,320,2007,2018,15000,12
Tata,Xenon XT,EX 4x4,DIESEL,MANUAL,2179,140,320,2007,2018,15000,12
Tata,Xenon XT,XT 4x2,DIESEL,MANUAL,2179,140,320,2007,2018,15000,12
Tata,Xenon XT,XT 4x4,DIESEL,MANUAL,2179,140,320,2007,2018,15000,12

Tata,Telcoline,2.0D,DIESEL,MANUAL,1948,68,118,1995,2007,15000,12
Tata,Telcoline,4x4,DIESEL,MANUAL,2956,90,190,1998,2007,15000,12

Tata,207 DI,Pickup,DIESEL,MANUAL,2956,85,250,2002,2016,15000,12
Tata,207 DI,Crew Cabin,DIESEL,MANUAL,2956,85,250,2005,2016,15000,12

Tata,407 Gold,SFC,DIESEL,MANUAL,2956,100,300,2015,,20000,12
Tata,709g LPT,CNG,CNG,MANUAL,3783,85,285,2018,,20000,12

Mahindra,Bolero,B4,DIESEL,MANUAL,1493,75,210,2020,,10000,12
Mahindra,Bolero,B6,DIESEL,MANUAL,1493,75,210,2020,,10000,12
Mahindra,Bolero,B6 (O),DIESEL,MANUAL,1493,75,210,2020,,10000,12
Mahindra,Bolero,SLX,DIESEL,MANUAL,2523,63,180,2000,2020,10000,12
Mahindra,Bolero,SLE,DIESEL,MANUAL,2523,63,180,2000,2020,10000,12
Mahindra,Bolero,DI,DIESEL,MANUAL,2523,63,180,2000,2020,10000,12
Mahindra,Bolero,Power Plus SLE,DIESEL,MANUAL,1493,71,195,2016,2020,10000,12
Mahindra,Bolero,Power Plus SLX,DIESEL,MANUAL,1493,71,195,2016,2020,10000,12

Mahindra,Bolero Neo,N4,DIESEL,MANUAL,1493,100,260,2021,,10000,12
Mahindra,Bolero Neo,N8,DIESEL,MANUAL,1493,100,260,2021,,10000,12
Mahindra,Bolero Neo,N10,DIESEL,MANUAL,1493,100,260,2021,,10000,12
Mahindra,Bolero Neo,N10 (O),DIESEL,MANUAL,1493,100,260,2021,,10000,12

Mahindra,Scorpio,S,DIESEL,MANUAL,2184,132,300,2022,,10000,12
Mahindra,Scorpio,S11,DIESEL,MANUAL,2184,132,300,2022,,10000,12
Mahindra,Scorpio,S11 4WD,DIESEL,MANUAL,2184,132,300,2022,,10000,12
Mahindra,Scorpio,S2,DIESEL,MANUAL,2523,75,200,2006,2022,10000,12
Mahindra,Scorpio,S4,DIESEL,MANUAL,2179,120,280,2014,2022,10000,12
Mahindra,Scorpio,S6,DIESEL,MANUAL,2179,120,280,2014,2022,10000,12
Mahindra,Scorpio,S8,DIESEL,MANUAL,2179,140,320,2014,2022,10000,12
Mahindra,Scorpio,S10,DIESEL,MANUAL,2179,140,320,2014,2022,10000,12

Mahindra,Scorpio N,Z2 Petrol,PETROL,MANUAL,1997,203,370,2022,,10000,12
Mahindra,Scorpio N,Z4 Petrol,PETROL,MANUAL,1997,203,370,2022,,10000,12
Mahindra,Scorpio N,Z8 Petrol,PETROL,MANUAL,1997,203,370,2022,,10000,12
Mahindra,Scorpio N,Z8L Petrol,PETROL,MANUAL,1997,203,370,2022,,10000,12
Mahindra,Scorpio N,Z8 AT Petrol,PETROL,AUTOMATIC,1997,203,380,2022,,10000,12
Mahindra,Scorpio N,Z8L AT Petrol,PETROL,AUTOMATIC,1997,203,380,2022,,10000,12
Mahindra,Scorpio N,Z2 Diesel,DIESEL,MANUAL,2184,132,300,2022,,10000,12
Mahindra,Scorpio N,Z4 Diesel,DIESEL,MANUAL,2184,132,300,2022,,10000,12
Mahindra,Scorpio N,Z6 Diesel,DIESEL,MANUAL,2184,175,370,2022,,10000,12
Mahindra,Scorpio N,Z8 Diesel,DIESEL,MANUAL,2184,175,370,2022,,10000,12
Mahindra,Scorpio N,Z8L Diesel,DIESEL,MANUAL,2184,175,370,2022,,10000,12
Mahindra,Scorpio N,Z8 AT Diesel,DIESEL,AUTOMATIC,2184,175,400,2022,,10000,12
Mahindra,Scorpio N,Z8L AT Diesel,DIESEL,AUTOMATIC,2184,175,400,2022,,10000,12
Mahindra,Scorpio N,Z8L 4WD,DIESEL,AUTOMATIC,2184,175,400,2022,,10000,12

Mahindra,XUV700,MX Petrol,PETROL,MANUAL,1997,200,380,2021,,10000,12
Mahindra,XUV700,AX3 Petrol,PETROL,MANUAL,1997,200,380,2021,,10000,12
Mahindra,XUV700,AX5 Petrol,PETROL,MANUAL,1997,200,380,2021,,10000,12
Mahindra,XUV700,AX7 Petrol,PETROL,MANUAL,1997,200,380,2021,,10000,12
Mahindra,XUV700,AX7L Petrol,PETROL,MANUAL,1997,200,380,2021,,10000,12
Mahindra,XUV700,AX5 AT Petrol,PETROL,AUTOMATIC,1997,200,380,2021,,10000,12
Mahindra,XUV700,AX7 AT Petrol,PETROL,AUTOMATIC,1997,200,380,2021,,10000,12
Mahindra,XUV700,MX Diesel,DIESEL,MANUAL,2184,155,360,2021,,10000,12
Mahindra,XUV700,AX3 Diesel,DIESEL,MANUAL,2184,185,420,2021,,10000,12
Mahindra,XUV700,AX5 Diesel,DIESEL,MANUAL,2184,185,420,2021,,10000,12
Mahindra,XUV700,AX7 Diesel,DIESEL,MANUAL,2184,185,420,2021,,10000,12
Mahindra,XUV700,AX7L Diesel,DIESEL,MANUAL,2184,185,420,2021,,10000,12
Mahindra,XUV700,AX7 AT Diesel,DIESEL,AUTOMATIC,2184,185,450,2021,,10000,12
Mahindra,XUV700,AX7L AT AWD,DIESEL,AUTOMATIC,2184,185,450,2021,,10000,12

Mahindra,XUV300,W2 Petrol,PETROL,MANUAL,1197,110,200,2019,,10000,12
Mahindra,XUV300,W4 Petrol,PETROL,MANUAL,1197,110,200,2019,,10000,12
Mahindra,XUV300,W6 Petrol,PETROL,MANUAL,1197,110,200,2019,,10000,12
Mahindra,XUV300,W8 Petrol,PETROL,MANUAL,1197,110,200,2019,,10000,12
Mahindra,XUV300,W8 (O) Petrol,PETROL,MANUAL,1197,110,200,2019,,10000,12
Mahindra,XUV300,W6 AMT Petrol,PETROL,AUTOMATIC,1197,110,200,2020,,10000,12
Mahindra,XUV300,W8 AMT Petrol,PETROL,AUTOMATIC,1197,110,200,2020,,10000,12
Mahindra,XUV300,W8 (O) AMT Petrol,PETROL,AUTOMATIC,1197,110,200,2020,,10000,12
Mahindra,XUV300,W4 Diesel,DIESEL,MANUAL,1497,117,300,2019,,10000,12
Mahindra,XUV300,W6 Diesel,DIESEL,MANUAL,1497,117,300,2019,,10000,12
Mahindra,XUV300,W8 Diesel,DIESEL,MANUAL,1497,117,300,2019,,10000,12
Mahindra,XUV300,W8 (O) Diesel,DIESEL,MANUAL,1497,117,300,2019,,10000,12
Mahindra,XUV300,W6 AMT Diesel,DIESEL,AUTOMATIC,1497,117,300,2020,,10000,12
Mahindra,XUV300,W8 AMT Diesel,DIESEL,AUTOMATIC,1497,117,300,2020,,10000,12

Mahindra,XUV 3XO,MX1,PETROL,MANUAL,1197,111,200,2024,,10000,12
Mahindra,XUV 3XO,MX2 Pro,PETROL,MANUAL,1197,111,200,2024,,10000,12
Mahindra,XUV 3XO,MX3,PETROL,MANUAL,1197,111,200,2024,,10000,12
Mahindra,XUV 3XO,AX5,PETROL,MANUAL,1197,131,230,2024,,10000,12
Mahindra,XUV 3XO,AX5L,PETROL,MANUAL,1197,131,230,2024,,10000,12
Mahindra,XUV 3XO,AX7,PETROL,MANUAL,1197,131,230,2024,,10000,12
Mahindra,XUV 3XO,AX5 AT,PETROL,AUTOMATIC,1197,131,230,2024,,10000,12
Mahindra,XUV 3XO,AX7 AT,PETROL,AUTOMATIC,1197,131,230,2024,,10000,12
Mahindra,XUV 3XO,MX2 Diesel,DIESEL,MANUAL,1497,117,300,2024,,10000,12
Mahindra,XUV 3XO,MX3 Diesel,DIESEL,MANUAL,1497,117,300,2024,,10000,12
Mahindra,XUV 3XO,AX5 Diesel,DIESEL,MANUAL,1497,117,300,2024,,10000,12
Mahindra,XUV 3XO,AX7 Diesel,DIESEL,MANUAL,1497,117,300,2024,,10000,12
Mahindra,XUV 3XO,AX5 Diesel AT,DIESEL,AUTOMATIC,1497,117,300,2024,,10000,12
Mahindra,XUV 3XO,AX7 Diesel AT,DIESEL,AUTOMATIC,1497,117,300,2024,,10000,12

Mahindra,XUV500,W5,DIESEL,MANUAL,2179,140,330,2011,2021,10000,12
Mahindra,XUV500,W7,DIESEL,MANUAL,2179,155,360,2011,2021,10000,12
Mahindra,XUV500,W9,DIESEL,MANUAL,2179,155,360,2011,2021,10000,12
Mahindra,XUV500,W11,DIESEL,MANUAL,2179,155,360,2018,2021,10000,12
Mahindra,XUV500,W11 (O),DIESEL,MANUAL,2179,155,360,2018,2021,10000,12
Mahindra,XUV500,W6 AT,DIESEL,AUTOMATIC,2179,155,360,2016,2021,10000,12
Mahindra,XUV500,W9 AT,DIESEL,AUTOMATIC,2179,155,360,2016,2021,10000,12
Mahindra,XUV500,W11 AT,DIESEL,AUTOMATIC,2179,155,360,2018,2021,10000,12
Mahindra,XUV500,W11 (O) AT,DIESEL,AUTOMATIC,2179,155,360,2018,2021,10000,12

Mahindra,Thar,AX Opt Petrol,PETROL,MANUAL,1997,152,300,2020,,10000,12
Mahindra,Thar,LX Petrol,PETROL,MANUAL,1997,152,300,2020,,10000,12
Mahindra,Thar,LX Hard Top Petrol,PETROL,MANUAL,1997,152,300,2020,,10000,12
Mahindra,Thar,LX AT Petrol,PETROL,AUTOMATIC,1997,152,320,2020,,10000,12
Mahindra,Thar,AX Opt Diesel,DIESEL,MANUAL,2184,132,300,2020,,10000,12
Mahindra,Thar,LX Diesel,DIESEL,MANUAL,2184,132,300,2020,,10000,12
Mahindra,Thar,LX Hard Top Diesel,DIESEL,MANUAL,2184,132,300,2020,,10000,12
Mahindra,Thar,LX AT Diesel,DIESEL,AUTOMATIC,2184,132,300,2020,,10000,12
Mahindra,Thar,LX 4WD AT Diesel,DIESEL,AUTOMATIC,2184,132,300,2020,,10000,12

Mahindra,Thar Roxx,MX1 Petrol,PETROL,MANUAL,1997,162,330,2024,,10000,12
Mahindra,Thar Roxx,MX3 Petrol,PETROL,MANUAL,1997,162,330,2024,,10000,12
Mahindra,Thar Roxx,AX3L Petrol,PETROL,MANUAL,1997,177,380,2024,,10000,12
Mahindra,Thar Roxx,AX5L Petrol,PETROL,AUTOMATIC,1997,177,380,2024,,10000,12
Mahindra,Thar Roxx,AX7L Petrol,PETROL,AUTOMATIC,1997,177,380,2024,,10000,12
Mahindra,Thar Roxx,MX3 Diesel,DIESEL,MANUAL,2184,152,330,2024,,10000,12
Mahindra,Thar Roxx,AX3L Diesel,DIESEL,MANUAL,2184,175,370,2024,,10000,12
Mahindra,Thar Roxx,AX5L Diesel,DIESEL,AUTOMATIC,2184,175,370,2024,,10000,12
Mahindra,Thar Roxx,AX7L Diesel 4WD,DIESEL,AUTOMATIC,2184,175,370,2024,,10000,12

Mahindra,Marazzo,M2,DIESEL,MANUAL,1497,123,300,2018,,10000,12
Mahindra,Marazzo,M4,DIESEL,MANUAL,1497,123,300,2018,,10000,12
Mahindra,Marazzo,M6,DIESEL,MANUAL,1497,123,300,2018,,10000,12
Mahindra,Marazzo,M8,DIESEL,MANUAL,1497,123,300,2018,,10000,12

Mahindra,KUV100 K2,PETROL,MANUAL,1198,82,115,2016,2019,10000,12
Mahindra,KUV100,K4,PETROL,MANUAL,1198,82,115,2016,2019,10000,12
Mahindra,KUV100,K6,PETROL,MANUAL,1198,82,115,2016,2019,10000,12
Mahindra,KUV100,K8,PETROL,MANUAL,1198,82,115,2016,2019,10000,12
Mahindra,KUV100,K6 Diesel,DIESEL,1198,77,190,2016,2019,10000,12
Mahindra,KUV100,K8 Diesel,DIESEL,MANUAL,1198,77,190,2016,2019,10000,12

Mahindra,KUV100 NXT,K2+,PETROL,MANUAL,1198,82,115,2017,2024,10000,12
Mahindra,KUV100 NXT,K4+,PETROL,MANUAL,1198,82,115,2017,2024,10000,12
Mahindra,KUV100 NXT,K6+,PETROL,MANUAL,1198,82,115,2017,2024,10000,12
Mahindra,KUV100 NXT,K8+,PETROL,MANUAL,1198,82,115,2017,2024,10000,12
Mahindra,KUV100 NXT,K6+ CNG,CNG,MANUAL,1198,61,85,2018,2024,10000,12

Mahindra,TUV300,T4+,DIESEL,MANUAL,1493,100,240,2015,2020,10000,12
Mahindra,TUV300,T6+,DIESEL,MANUAL,1493,100,240,2015,2020,10000,12
Mahindra,TUV300,T8,DIESEL,MANUAL,1493,100,240,2015,2020,10000,12
Mahindra,TUV300,T10,DIESEL,MANUAL,1493,100,240,2015,2020,10000,12
Mahindra,TUV300,T8 AMT,DIESEL,AUTOMATIC,1493,100,240,2016,2020,10000,12
Mahindra,TUV300,T10 AMT,DIESEL,AUTOMATIC,1493,100,240,2016,2020,10000,12

Mahindra,TUV300 Plus,P4,DIESEL,MANUAL,2179,120,280,2018,,10000,12
Mahindra,TUV300 Plus,P6,DIESEL,MANUAL,2179,120,280,2018,,10000,12
Mahindra,TUV300 Plus,P8,DIESEL,MANUAL,2179,120,280,2018,,10000,12

Mahindra,Xylo,D2,DIESEL,MANUAL,2489,95,218,2009,2019,10000,12
Mahindra,Xylo,D4,DIESEL,MANUAL,2489,95,218,2009,2019,10000,12
Mahindra,Xylo,E4,DIESEL,MANUAL,2498,112,260,2009,2019,10000,12
Mahindra,Xylo,E6,DIESEL,MANUAL,2498,112,260,2009,2019,10000,12
Mahindra,Xylo,E8,DIESEL,MANUAL,2498,112,260,2009,2019,10000,12
Mahindra,Xylo,H4,DIESEL,MANUAL,2179,120,280,2012,2019,10000,12
Mahindra,Xylo,H8,DIESEL,MANUAL,2179,120,280,2012,2019,10000,12

Mahindra,Quanto,C2,DIESEL,MANUAL,1493,100,240,2012,2016,10000,12
Mahindra,Quanto,C4,DIESEL,MANUAL,1493,100,240,2012,2016,10000,12
Mahindra,Quanto,C6,DIESEL,MANUAL,1493,100,240,2012,2016,10000,12
Mahindra,Quanto,C8,DIESEL,MANUAL,1493,100,240,2012,2016,10000,12

Mahindra,Verito,D2,DIESEL,MANUAL,1461,65,160,2012,2020,10000,12
Mahindra,Verito,D4,DIESEL,MANUAL,1461,65,160,2012,2020,10000,12
Mahindra,Verito,D6,DIESEL,MANUAL,1461,65,160,2012,2020,10000,12
Mahindra,Verito,D6 BSIV,DIESEL,MANUAL,1461,65,160,2014,2020,10000,12
Mahindra,Verito,Executive Edition,DIESEL,MANUAL,1461,65,160,2015,2020,10000,12

Mahindra,Verito Vibe,D2,DIESEL,MANUAL,1461,65,160,2013,2016,10000,12
Mahindra,Verito Vibe,D4,DIESEL,MANUAL,1461,65,160,2013,2016,10000,12
Mahindra,Verito Vibe,D6,DIESEL,MANUAL,1461,65,160,2013,2016,10000,12

Mahindra,Logan,GLX,PETROL,MANUAL,1390,75,110,2007,2011,10000,12
Mahindra,Logan,GLE,PETROL,MANUAL,1390,75,110,2007,2011,10000,12
Mahindra,Logan,DLE,DIESEL,MANUAL,1461,65,160,2007,2011,10000,12
Mahindra,Logan,DLX,DIESEL,MANUAL,1461,65,160,2007,2011,10000,12

Mahindra,e2o,T0,EV,AUTOMATIC,0,26,53,2013,2017,10000,12
Mahindra,e2o,T2,EV,AUTOMATIC,0,26,53,2013,2017,10000,12
Mahindra,e2o,T4,EV,AUTOMATIC,0,26,53,2013,2017,10000,12
Mahindra,e2o,T6,EV,AUTOMATIC,0,26,53,2013,2017,10000,12

Mahindra,e2o Plus,P2,EV,AUTOMATIC,0,41,91,2016,2021,10000,12
Mahindra,e2o Plus,P4,EV,AUTOMATIC,0,41,91,2016,2021,10000,12
Mahindra,e2o Plus,P6,EV,AUTOMATIC,0,41,91,2016,2021,10000,12
Mahindra,e2o Plus,P8,EV,AUTOMATIC,0,41,91,2016,2021,10000,12

Mahindra,eVerito,D2,EV,AUTOMATIC,0,41,91,2016,2022,10000,12
Mahindra,eVerito,D4,EV,AUTOMATIC,0,41,91,2016,2022,10000,12
Mahindra,eVerito,D6,EV,AUTOMATIC,0,41,91,2016,2022,10000,12

Mahindra,Jeep CJ3B,Soft Top,DIESEL,MANUAL,2523,63,180,1989,1999,10000,12
Mahindra,Jeep CJ3B,Hard Top,DIESEL,MANUAL,2523,63,180,1989,1999,10000,12

Mahindra,Major,4x4,DIESEL,MANUAL,2523,63,180,1995,2000,10000,12

Mahindra,Marshal,DI,DIESEL,MANUAL,2523,63,180,1998,2010,10000,12
Mahindra,Marshal,CL,DIESEL,MANUAL,2523,63,180,1998,2010,10000,12

Mahindra,Commander,650 DI,DIESEL,MANUAL,2523,63,180,1991,2010,10000,12
Mahindra,Commander,750 DP,DIESEL,MANUAL,2523,72,152,1995,2010,10000,12

Mahindra,Maxximo Plus,VX,DIESEL,MANUAL,909,26,55,2012,2018,10000,12
Mahindra,Maxximo Plus,CX,DIESEL,MANUAL,909,26,55,2012,2018,10000,12

Mahindra,Supro Van,LX,DIESEL,MANUAL,909,47,100,2015,,10000,12
Mahindra,Supro Van,ZX,DIESEL,MANUAL,909,47,100,2015,,10000,12
Mahindra,Supro Van,CNG Duo,CNG,MANUAL,909,26,60,2020,,10000,12

Mahindra,Supro Maxitruck,CBC,DIESEL,MANUAL,909,47,100,2015,,10000,12
Mahindra,Supro Maxitruck,HD,DIESEL,MANUAL,909,47,100,2015,,10000,12
Mahindra,Supro Maxitruck,CNG Duo,CNG,MANUAL,909,26,60,2020,,10000,12

Mahindra,Imperio,Single Cab,DIESEL,MANUAL,2489,75,220,2015,2020,10000,12
Mahindra,Imperio,Double Cab,DIESEL,MANUAL,2489,75,220,2015,2020,10000,12

Mahindra,Genio,Single Cab,DIESEL,MANUAL,2523,75,220,2011,2016,10000,12
Mahindra,Genio,Double Cab,DIESEL,MANUAL,2523,75,220,2011,2016,10000,12

Mahindra,Big Bolero Pik-Up,CBC,DIESEL,MANUAL,2523,75,200,2019,,10000,12
Mahindra,Big Bolero Pik-Up,FB,DIESEL,MANUAL,2523,75,200,2019,,10000,12
Mahindra,Big Bolero Pik-Up,AC,DIESEL,MANUAL,2523,75,200,2021,,10000,12

Mahindra,Jeeto S6,PETROL,MANUAL,625,16,38,2015,,10000,12
Mahindra,Jeeto S8,PETROL,MANUAL,625,16,38,2015,,10000,12
Mahindra,Jeeto X6,DIESEL,MANUAL,625,16,38,2015,,10000,12
Mahindra,Jeeto X8,DIESEL,MANUAL,625,16,38,2015,,10000,12
Mahindra,Jeeto CNG,CNG,MANUAL,625,14,38,2016,,10000,12

Mahindra,Maxximo,Cargo,DIESEL,MANUAL,909,26,55,2011,2016,10000,12
Mahindra,Maxximo,Mini Van,DIESEL,MANUAL,909,26,55,2011,2016,10000,12

Mahindra,Bolero Camper,2WD,DIESEL,MANUAL,2523,75,200,2012,,10000,12
Mahindra,Bolero Camper,4WD,DIESEL,MANUAL,2523,75,200,2012,,10000,12
Mahindra,Bolero Camper,Gold ZX,DIESEL,MANUAL,2523,75,200,2018,,10000,12

Mahindra,Bolero Maxi Truck Plus,CBC,DIESEL,MANUAL,2523,65,195,2016,,10000,12
Mahindra,Bolero Maxi Truck Plus,FB,DIESEL,MANUAL,2523,65,195,2016,,10000,12
Mahindra,Bolero Maxi Truck Plus,AC,DIESEL,MANUAL,2523,65,195,2018,,10000,12

Mahindra,Scorpio Getaway,2WD,DIESEL,MANUAL,2179,120,290,2007,2017,10000,12
Mahindra,Scorpio Getaway,4WD,DIESEL,MANUAL,2179,120,290,2007,2017,10000,12

Mahindra,Alturas G4,2WD,DIESEL,AUTOMATIC,2157,181,420,2018,2022,10000,12
Mahindra,Alturas G4,4WD,DIESEL,AUTOMATIC,2157,181,420,2018,2022,10000,12

Mahindra,BE 6,Pack One,EV,AUTOMATIC,0,231,380,2025,,15000,12
Mahindra,BE 6,Pack Two,EV,AUTOMATIC,0,231,380,2025,,15000,12
Mahindra,BE 6,Pack Three,EV,AUTOMATIC,0,286,380,2025,,15000,12

Mahindra,XEV 9e,Pack One,EV,AUTOMATIC,0,231,380,2025,,15000,12
Mahindra,XEV 9e,Pack Two,EV,AUTOMATIC,0,231,380,2025,,15000,12
Mahindra,XEV 9e,Pack Three,EV,AUTOMATIC,0,286,380,2025,,15000,12

Mahindra,BE Rall-E,Concept,EV,AUTOMATIC,0,286,380,2026,,15000,12

Mahindra,XUV.e8,Base,EV,AUTOMATIC,0,286,380,2026,,15000,12
Mahindra,XUV.e8,Top,EV,AUTOMATIC,0,286,380,2026,,15000,12

Mahindra,XUV Aero,Concept,PETROL,MANUAL,1997,140,320,2016,2016,10000,12

Mahindra,Reva i,Standard,EV,AUTOMATIC,0,13,52,2001,2010,10000,12
Mahindra,Reva L-ion,EV,AUTOMATIC,0,13,52,2008,2010,10000,12

Mahindra,CL 550 DI,DIESEL,MANUAL,2523,63,180,1990,2005,10000,12
Mahindra,CL 750 DI,DIESEL,MANUAL,2523,72,152,1995,2005,10000,12

Mahindra,Armada,Grand,DIESEL,MANUAL,2112,62,126,1993,2001,10000,12
Mahindra,Armada,Luxury,DIESEL,MANUAL,2523,72,152,1996,2001,10000,12

Mahindra,Voyager,Standard,DIESEL,MANUAL,2112,72,152,1997,2002,10000,12
Mahindra,Voyager,Deluxe,DIESEL,MANUAL,2112,72,152,1997,2002,10000,12

Mahindra,Flyte,Standard,PETROL,AUTOMATIC,125,8,9,2010,2015,5000,12

Mahindra,Marshal Deluxe,DIESEL,MANUAL,2523,72,152,1999,2010,10000,12
Mahindra,Marshal DI,DIESEL,MANUAL,2523,63,180,1999,2010,10000,12

Mahindra,Legend Classic,DIESEL,MANUAL,2523,75,200,2015,2016,10000,12

Mahindra,Nuvosport,N4,DIESEL,MANUAL,1493,100,240,2016,2020,10000,12
Mahindra,Nuvosport,N6,DIESEL,MANUAL,1493,100,240,2016,2020,10000,12
Mahindra,Nuvosport,N6 AMT,DIESEL,AUTOMATIC,1493,100,240,2016,2020,10000,12
Mahindra,Nuvosport,N8,DIESEL,MANUAL,1493,100,240,2016,2020,10000,12
Mahindra,Nuvosport,N8 AMT,DIESEL,AUTOMATIC,1493,100,240,2016,2020,10000,12

Mahindra,Quanto CNG,C8,CNG,MANUAL,1493,72,180,2013,2016,10000,12

Mahindra,Supro Profit Truck Mini,CBC,DIESEL,MANUAL,909,47,100,2020,,10000,12
Mahindra,Supro Profit Truck Mini,HD,DIESEL,MANUAL,909,47,100,2020,,10000,12
Mahindra,Supro Profit Truck Mini,CNG Duo,CNG,MANUAL,909,26,60,2021,,10000,12

Mahindra,Bolero Neo Plus,P4,DIESEL,MANUAL,2184,120,280,2024,,10000,12
Mahindra,Bolero Neo Plus,P10,DIESEL,MANUAL,2184,120,280,2024,,10000,12

Mahindra,Thar Earth Edition,LX Petrol AT,PETROL,AUTOMATIC,1997,152,320,2024,,10000,12
Mahindra,Thar Earth Edition,LX Diesel AT,DIESEL,AUTOMATIC,2184,132,300,2024,,10000,12

Mahindra,Scorpio Classic,S,DIESEL,MANUAL,2184,132,300,2022,,10000,12
Mahindra,Scorpio Classic,S11,DIESEL,MANUAL,2184,132,300,2022,,10000,12

Mahindra,XUV400 EC Pro,EV,AUTOMATIC,0,150,310,2024,,15000,12
Mahindra,XUV400 EL Pro,EV,AUTOMATIC,0,150,310,2024,,15000,12

Mahindra,XUV400 EC,EV,AUTOMATIC,0,150,310,2023,2024,15000,12
Mahindra,XUV400 EL,EV,AUTOMATIC,0,150,310,2023,2024,15000,12

Mahindra,BE 05,Base,EV,AUTOMATIC,0,231,380,2026,,15000,12
Mahindra,BE 05,Top,EV,AUTOMATIC,0,286,380,2026,,15000,12

Mahindra,XUV900,Concept,PETROL,MANUAL,1997,200,380,2021,2021,10000,12

Mahindra,Atom,K1,EV,AUTOMATIC,0,15,70,2023,,10000,12
Mahindra,Atom,K2,EV,AUTOMATIC,0,15,70,2023,,10000,12
Mahindra,Atom,K3,EV,AUTOMATIC,0,15,70,2023,,10000,12
Mahindra,Atom,K4,EV,AUTOMATIC,0,15,70,2023,,10000,12

Force,Gurkha,2 Door,DIESEL,MANUAL,2596,91,250,2021,,20000,12
Force,Gurkha,4 Door,DIESEL,MANUAL,2596,140,320,2024,,20000,12
Force,One SX,DIESEL,MANUAL,2149,139,321,2011,2015,20000,12
Force,Trax Cruiser,DIESEL,MANUAL,2596,91,250,2005,,20000,12
Force,Trax Toofan,DIESEL,MANUAL,2596,91,250,2005,,20000,12
Force,Traveller 26,DIESEL,MANUAL,2596,115,350,2007,,20000,12
Force,Traveller 3050,DIESEL,MANUAL,2596,115,350,2015,,20000,12
Force,Traveller School Bus,DIESEL,MANUAL,2596,115,350,2015,,20000,12
Force,Traveller Ambulance,DIESEL,MANUAL,2596,115,350,2015,,20000,12
Force,Urbania,3615,DIESEL,MANUAL,2596,115,350,2022,,20000,12
Force,Urbania,4400,DIESEL,MANUAL,2596,115,350,2022,,20000,12
Force,Urbania,4400 Premium,DIESEL,MANUAL,2596,115,350,2022,,20000,12

Force,Citiline,DIESEL,MANUAL,2596,91,250,2011,2020,20000,12
Force,Minidor,DIESEL,MANUAL,611,14,35,2008,,15000,12
Force,Trump 40,DIESEL,MANUAL,611,14,35,2010,,15000,12
Force,Balwan 400,EV,AUTOMATIC,0,18,90,2023,,15000,12

MG,Hector,Style,PETROL,MANUAL,1451,143,250,2019,,10000,12
MG,Hector,Shine,PETROL,MANUAL,1451,143,250,2019,,10000,12
MG,Hector,Smart,PETROL,MANUAL,1451,143,250,2023,,10000,12
MG,Hector,Sharp Pro,PETROL,MANUAL,1451,143,250,2023,,10000,12
MG,Hector,Savvy Pro,PETROL,MANUAL,1451,143,250,2023,,10000,12
MG,Hector,Sharp CVT,PETROL,AUTOMATIC,1451,143,250,2019,,10000,12
MG,Hector,Savvy CVT,PETROL,AUTOMATIC,1451,143,250,2019,,10000,12
MG,Hector,Style Diesel,DIESEL,MANUAL,1956,170,350,2019,2023,10000,12
MG,Hector,Shine Diesel,DIESEL,MANUAL,1956,170,350,2019,2023,10000,12
MG,Hector,Sharp Diesel,DIESEL,MANUAL,1956,170,350,2019,2023,10000,12
MG,Hector,Savvy Diesel,DIESEL,MANUAL,1956,170,350,2019,2023,10000,12

MG,Hector Plus,Style 6 Seater,PETROL,MANUAL,1451,143,250,2020,,10000,12
MG,Hector Plus,Sharp Pro 6 Seater,PETROL,MANUAL,1451,143,250,2023,,10000,12
MG,Hector Plus,Savvy Pro 6 Seater,PETROL,AUTOMATIC,1451,143,250,2023,,10000,12
MG,Hector Plus,Sharp Pro 7 Seater,PETROL,MANUAL,1451,143,250,2023,,10000,12
MG,Hector Plus,Savvy Pro 7 Seater,PETROL,AUTOMATIC,1451,143,250,2023,,10000,12
MG,Hector Plus,Sharp Diesel 6 Seater,DIESEL,MANUAL,1956,170,350,2020,2023,10000,12
MG,Hector Plus,Savvy Diesel 6 Seater,DIESEL,MANUAL,1956,170,350,2020,2023,10000,12
MG,Hector Plus,Sharp Diesel 7 Seater,DIESEL,MANUAL,1956,170,350,2020,2023,10000,12

MG,Astor,Style,PETROL,MANUAL,1498,110,144,2021,,10000,12
MG,Astor,Super,PETROL,MANUAL,1498,110,144,2021,,10000,12
MG,Astor,Smart,PETROL,MANUAL,1498,110,144,2021,,10000,12
MG,Astor,Sharp Pro,PETROL,MANUAL,1498,110,144,2023,,10000,12
MG,Astor,Savvy Pro,PETROL,MANUAL,1498,110,144,2023,,10000,12
MG,Astor,Sharp CVT,PETROL,AUTOMATIC,1498,110,144,2021,,10000,12
MG,Astor,Savvy CVT,PETROL,AUTOMATIC,1498,110,144,2021,,10000,12
MG,Astor,Sharp Turbo AT,PETROL,AUTOMATIC,1349,140,220,2021,,10000,12
MG,Astor,Savvy Turbo AT,PETROL,AUTOMATIC,1349,140,220,2021,,10000,12

MG,ZS EV,Excite,EV,AUTOMATIC,0,177,280,2020,,15000,12
MG,ZS EV,Exclusive,EV,AUTOMATIC,0,177,280,2020,,15000,12
MG,ZS EV,Essence,EV,AUTOMATIC,0,177,280,2020,,15000,12

MG,Comet EV,Pace,EV,AUTOMATIC,0,42,110,2023,,15000,12
MG,Comet EV,Play,EV,AUTOMATIC,0,42,110,2023,,15000,12
MG,Comet EV,Plush,EV,AUTOMATIC,0,42,110,2023,,15000,12
MG,Comet EV,Blackstorm,EV,AUTOMATIC,0,42,110,2024,,15000,12

MG,Gloster,Super,DIESEL,AUTOMATIC,1996,161,375,2020,,10000,12
MG,Gloster,Sharp,DIESEL,AUTOMATIC,1996,161,375,2020,,10000,12
MG,Gloster,Savvy,DIESEL,AUTOMATIC,1996,215,480,2020,,10000,12
MG,Gloster,Blackstorm,DIESEL,AUTOMATIC,1996,215,480,2023,,10000,12

MG,Gloster Desertstorm,DIESEL,AUTOMATIC,1996,215,480,2021,2023,10000,12

MG,Windsor EV,Excite,EV,AUTOMATIC,0,136,200,2024,,15000,12
MG,Windsor EV,Exclusive,EV,AUTOMATIC,0,136,200,2024,,15000,12
MG,Windsor EV,Essence,EV,AUTOMATIC,0,136,200,2024,,15000,12

MG,RC-6,Concept,PETROL,MANUAL,1498,145,250,2019,2019,10000,12

Skoda,Octavia,Active,PETROL,MANUAL,1395,150,250,2014,,15000,12
Skoda,Octavia,Ambition,PETROL,MANUAL,1395,150,250,2014,,15000,12
Skoda,Octavia,Style,PETROL,MANUAL,1395,150,250,2014,,15000,12
Skoda,Octavia,L&K,PETROL,AUTOMATIC,1984,190,320,2017,,15000,12
Skoda,Octavia,RS 245,PETROL,AUTOMATIC,1984,245,370,2017,,15000,12
Skoda,Octavia,Active Diesel,DIESEL,MANUAL,1968,143,320,2014,2020,15000,12
Skoda,Octavia,Style Diesel,DIESEL,AUTOMATIC,1968,143,320,2014,2020,15000,12

Skoda,Slavia,Active,PETROL,MANUAL,999,115,178,2022,,15000,12
Skoda,Slavia,Ambition,PETROL,MANUAL,999,115,178,2022,,15000,12
Skoda,Slavia,Style,PETROL,MANUAL,999,115,178,2022,,15000,12
Skoda,Slavia,Signature,PETROL,MANUAL,999,115,178,2024,,15000,12
Skoda,Slavia,Prestige,PETROL,MANUAL,999,115,178,2024,,15000,12
Skoda,Slavia,Style AT,PETROL,AUTOMATIC,999,115,178,2022,,15000,12
Skoda,Slavia,Prestige AT,PETROL,AUTOMATIC,999,115,178,2024,,15000,12
Skoda,Slavia,Style 1.5 TSI,PETROL,MANUAL,1498,150,250,2022,,15000,12
Skoda,Slavia,Prestige 1.5 TSI DSG,PETROL,AUTOMATIC,1498,150,250,2024,,15000,12

Skoda,Rapid,Active,PETROL,MANUAL,1598,105,153,2011,2021,15000,12
Skoda,Rapid,Ambition,PETROL,MANUAL,1598,105,153,2011,2021,15000,12
Skoda,Rapid,Style,PETROL,MANUAL,1598,105,153,2011,2021,15000,12
Skoda,Rapid,Monte Carlo,PETROL,MANUAL,999,110,175,2020,2021,15000,12
Skoda,Rapid,Active Diesel,DIESEL,MANUAL,1498,110,250,2014,2020,15000,12
Skoda,Rapid,Style Diesel,DIESEL,MANUAL,1498,110,250,2014,2020,15000,12
Skoda,Rapid,Diesel DSG,DIESEL,AUTOMATIC,1498,110,250,2017,2020,15000,12

Skoda,Superb,Style,PETROL,AUTOMATIC,1984,190,320,2016,,15000,12
Skoda,Superb,L&K,PETROL,AUTOMATIC,1984,190,320,2016,,15000,12
Skoda,Superb,Sportline,PETROL,AUTOMATIC,1984,190,320,2021,,15000,12
Skoda,Superb,Style Diesel,DIESEL,AUTOMATIC,1968,177,350,2016,2020,15000,12
Skoda,Superb,L&K Diesel,DIESEL,AUTOMATIC,1968,177,350,2016,2020,15000,12

Skoda,Kushaq,Classic,PETROL,MANUAL,999,115,178,2021,,15000,12
Skoda,Kushaq,Onyx,PETROL,MANUAL,999,115,178,2023,,15000,12
Skoda,Kushaq,Signature,PETROL,MANUAL,999,115,178,2024,,15000,12
Skoda,Kushaq,Prestige,PETROL,MANUAL,999,115,178,2021,,15000,12
Skoda,Kushaq,Signature AT,PETROL,AUTOMATIC,999,115,178,2024,,15000,12
Skoda,Kushaq,Prestige AT,PETROL,AUTOMATIC,999,115,178,2021,,15000,12
Skoda,Kushaq,Monte Carlo 1.5,PETROL,MANUAL,1498,150,250,2022,,15000,12
Skoda,Kushaq,Monte Carlo DSG,PETROL,AUTOMATIC,1498,150,250,2022,,15000,12
Skoda,Kushaq,Prestige DSG,PETROL,AUTOMATIC,1498,150,250,2021,,15000,12

Skoda,Kodiaq,Style,PETROL,AUTOMATIC,1984,190,320,2017,,15000,12
Skoda,Kodiaq,Sportline,PETROL,AUTOMATIC,1984,190,320,2022,,15000,12
Skoda,Kodiaq,L&K,PETROL,AUTOMATIC,1984,190,320,2022,,15000,12
Skoda,Kodiaq,Style Diesel,DIESEL,AUTOMATIC,1968,150,340,2017,2020,15000,12
Skoda,Kodiaq,L&K Diesel,DIESEL,AUTOMATIC,1968,150,340,2017,2020,15000,12

Skoda,Karoq,Style,PETROL,AUTOMATIC,1498,150,250,2020,2023,15000,12

Skoda,Yeti,Active,DIESEL,MANUAL,1968,110,250,2010,2017,15000,12
Skoda,Yeti,Ambition,DIESEL,MANUAL,1968,140,320,2010,2017,15000,12
Skoda,Yeti,Elegance,DIESEL,AUTOMATIC,1968,140,320,2010,2017,15000,12

Skoda,Laura,Classic,PETROL,MANUAL,1595,102,148,2005,2013,15000,12
Skoda,Laura,Ambiente,PETROL,MANUAL,1798,160,250,2005,2013,15000,12
Skoda,Laura,L&K,PETROL,AUTOMATIC,1798,160,250,2008,2013,15000,12
Skoda,Laura,Ambiente Diesel,DIESEL,MANUAL,1968,110,250,2005,2013,15000,12
Skoda,Laura,L&K Diesel,DIESEL,MANUAL,1968,140,320,2008,2013,15000,12

Skoda,Fabia,Classic,PETROL,MANUAL,1198,70,108,2008,2014,15000,12
Skoda,Fabia,Ambiente,PETROL,MANUAL,1198,70,108,2008,2014,15000,12
Skoda,Fabia,Elegance,PETROL,MANUAL,1198,70,108,2008,2014,15000,12
Skoda,Fabia,Active Diesel,DIESEL,MANUAL,1199,75,180,2010,2014,15000,12
Skoda,Fabia,Elegance Diesel,DIESEL,MANUAL,1199,75,180,2010,2014,15000,12

Skoda,Kylaq,Classic,PETROL,MANUAL,999,115,178,2025,,15000,12
Skoda,Kylaq,Signature,PETROL,MANUAL,999,115,178,2025,,15000,12
Skoda,Kylaq,Prestige,PETROL,MANUAL,999,115,178,2025,,15000,12
Skoda,Kylaq,Signature AT,PETROL,AUTOMATIC,999,115,178,2025,,15000,12
Skoda,Kylaq,Prestige AT,PETROL,AUTOMATIC,999,115,178,2025,,15000,12

Volkswagen,Polo,Trendline,PETROL,MANUAL,999,76,95,2010,2022,15000,12
Volkswagen,Polo,Comfortline,PETROL,MANUAL,999,76,95,2010,2022,15000,12
Volkswagen,Polo,Highline,PETROL,MANUAL,999,110,175,2020,2022,15000,12
Volkswagen,Polo,GT TSI,PETROL,AUTOMATIC,999,110,175,2020,2022,15000,12
Volkswagen,Polo,GT TSI 1.2,PETROL,AUTOMATIC,1197,105,175,2014,2020,15000,12
Volkswagen,Polo,GT TDI,DIESEL,MANUAL,1498,110,250,2013,2020,15000,12
Volkswagen,Polo,Comfortline Diesel,DIESEL,MANUAL,1498,90,230,2014,2020,15000,12
Volkswagen,Polo,Highline Diesel,DIESEL,MANUAL,1498,90,230,2014,2020,15000,12

Volkswagen,Virtus,Comfortline,PETROL,MANUAL,999,115,178,2022,,15000,12
Volkswagen,Virtus,Highline,PETROL,MANUAL,999,115,178,2022,,15000,12
Volkswagen,Virtus,Topline,PETROL,MANUAL,999,115,178,2022,,15000,12
Volkswagen,Virtus,Highline AT,PETROL,AUTOMATIC,999,115,178,2022,,15000,12
Volkswagen,Virtus,Topline AT,PETROL,AUTOMATIC,999,115,178,2022,,15000,12
Volkswagen,Virtus,GT Plus,PETROL,MANUAL,1498,150,250,2022,,15000,12
Volkswagen,Virtus,GT Plus DSG,PETROL,AUTOMATIC,1498,150,250,2022,,15000,12

Volkswagen,Taigun,Comfortline,PETROL,MANUAL,999,115,178,2021,,15000,12
Volkswagen,Taigun,Highline,PETROL,MANUAL,999,115,178,2021,,15000,12
Volkswagen,Taigun,Topline,PETROL,MANUAL,999,115,178,2021,,15000,12
Volkswagen,Taigun,Highline AT,PETROL,AUTOMATIC,999,115,178,2021,,15000,12
Volkswagen,Taigun,Topline AT,PETROL,AUTOMATIC,999,115,178,2021,,15000,12
Volkswagen,Taigun,GT Plus,PETROL,MANUAL,1498,150,250,2021,,15000,12
Volkswagen,Taigun,GT Plus DSG,PETROL,AUTOMATIC,1498,150,250,2021,,15000,12
Volkswagen,Taigun,GT Edge Limited Edition,PETROL,AUTOMATIC,1498,150,250,2022,,15000,12

Volkswagen,Tiguan,Comfortline,PETROL,AUTOMATIC,1984,190,320,2021,,15000,12
Volkswagen,Tiguan,Elegance,PETROL,AUTOMATIC,1984,190,320,2021,,15000,12
Volkswagen,Tiguan,R-Line,PETROL,AUTOMATIC,1984,190,320,2025,,15000,12
Volkswagen,Tiguan,Highline Diesel,DIESEL,MANUAL,1968,143,320,2017,2020,15000,12
Volkswagen,Tiguan,Highline DSG Diesel,DIESEL,AUTOMATIC,1968,143,340,2017,2020,15000,12

Volkswagen,Vento,Trendline,PETROL,MANUAL,1598,105,153,2010,2022,15000,12
Volkswagen,Vento,Comfortline,PETROL,MANUAL,1598,105,153,2010,2022,15000,12
Volkswagen,Vento,Highline,PETROL,MANUAL,1598,105,153,2010,2022,15000,12
Volkswagen,Vento,Highline Plus,PETROL,MANUAL,999,110,175,2020,2022,15000,12
Volkswagen,Vento,Highline AT,PETROL,AUTOMATIC,999,110,175,2020,2022,15000,12
Volkswagen,Vento,GT TSI,PETROL,AUTOMATIC,1197,105,175,2014,2020,15000,12
Volkswagen,Vento,Trendline Diesel,DIESEL,MANUAL,1498,110,250,2014,2020,15000,12
Volkswagen,Vento,Comfortline Diesel,DIESEL,MANUAL,1498,110,250,2014,2020,15000,12
Volkswagen,Vento,Highline Diesel,DIESEL,MANUAL,1498,110,250,2014,2020,15000,12
Volkswagen,Vento,Highline Plus Diesel,DIESEL,MANUAL,1498,110,250,2020,2022,15000,12

Volkswagen,Jetta,Trendline,PETROL,MANUAL,1390,122,200,2008,2017,15000,12
Volkswagen,Jetta,Comfortline,PETROL,MANUAL,1390,122,200,2008,2017,15000,12
Volkswagen,Jetta,Highline,PETROL,AUTOMATIC,1798,160,250,2012,2017,15000,12
Volkswagen,Jetta,Trendline Diesel,DIESEL,MANUAL,1968,140,320,2008,2017,15000,12
Volkswagen,Jetta,Highline Diesel,DIESEL,AUTOMATIC,1968,140,320,2012,2017,15000,12

Volkswagen,Passat,Comfortline,PETROL,AUTOMATIC,1798,180,250,2010,2020,15000,12
Volkswagen,Passat,Highline,PETROL,AUTOMATIC,1798,180,250,2010,2020,15000,12
Volkswagen,Passat,Highline Diesel,DIESEL,AUTOMATIC,1968,177,350,2010,2020,15000,12

Volkswagen,Ameo,Trendline,PETROL,MANUAL,1198,75,110,2016,2020,15000,12
Volkswagen,Ameo,Comfortline,PETROL,MANUAL,1198,75,110,2016,2020,15000,12
Volkswagen,Ameo,Highline Plus,PETROL,MANUAL,999,110,175,2019,2020,15000,12
Volkswagen,Ameo,Trendline Diesel,DIESEL,MANUAL,1498,110,250,2016,2020,15000,12
Volkswagen,Ameo,Comfortline Diesel,DIESEL,MANUAL,1498,110,250,2016,2020,15000,12
Volkswagen,Ameo,Highline Plus Diesel,DIESEL,MANUAL,1498,110,250,2019,2020,15000,12

Volkswagen,T-Roc,Premium,PETROL,AUTOMATIC,1498,150,250,2020,2022,15000,12

Volkswagen,Beetle,Design,PETROL,AUTOMATIC,1390,160,240,2015,2019,15000,12

Volkswagen,Touareg,V6 TDI,DIESEL,AUTOMATIC,2967,245,550,2012,2017,15000,12
Volkswagen,Touareg,Hybrid,HYBRID,AUTOMATIC,2995,380,580,2012,2015,15000,12

Volkswagen,Golf GTI,PETROL,AUTOMATIC,1984,245,370,2021,,15000,12

Volkswagen,Phaeton,V6 TDI,DIESEL,AUTOMATIC,2967,240,500,2007,2013,15000,12

Volkswagen,Cross Polo,PETROL,MANUAL,1198,75,110,2013,2016,15000,12

Volkswagen,Taigun GT Line,PETROL,MANUAL,1498,150,250,2024,,15000,12
Volkswagen,Taigun GT Line DSG,PETROL,AUTOMATIC,1498,150,250,2024,,15000,12

Volkswagen,Virtus GT Line,PETROL,MANUAL,1498,150,250,2024,,15000,12
Volkswagen,Virtus GT Line DSG,PETROL,AUTOMATIC,1498,150,250,2024,,15000,12

Honda,City,SV,PETROL,MANUAL,1498,121,145,2020,,10000,12
Honda,City,V,PETROL,MANUAL,1498,121,145,2020,,10000,12
Honda,City,VX,PETROL,MANUAL,1498,121,145,2020,,10000,12
Honda,City,ZX,PETROL,MANUAL,1498,121,145,2020,,10000,12
Honda,City,V CVT,PETROL,AUTOMATIC,1498,121,145,2020,,10000,12
Honda,City,VX CVT,PETROL,AUTOMATIC,1498,121,145,2020,,10000,12
Honda,City,ZX CVT,PETROL,AUTOMATIC,1498,121,145,2020,,10000,12
Honda,City,V Diesel,DIESEL,MANUAL,1498,100,200,2014,2023,10000,12
Honda,City,VX Diesel,DIESEL,MANUAL,1498,100,200,2014,2023,10000,12
Honda,City,ZX Diesel,DIESEL,MANUAL,1498,100,200,2014,2023,10000,12

Honda,City Hybrid,V e:HEV,HYBRID,AUTOMATIC,1498,126,253,2022,,10000,12
Honda,City Hybrid,ZX e:HEV,HYBRID,AUTOMATIC,1498,126,253,2022,,10000,12

Honda,Amaze,E,PETROL,MANUAL,1199,90,110,2013,,10000,12
Honda,Amaze,S,PETROL,MANUAL,1199,90,110,2013,,10000,12
Honda,Amaze,V,PETROL,MANUAL,1199,90,110,2013,,10000,12
Honda,Amaze,VX,PETROL,MANUAL,1199,90,110,2024,,10000,12
Honda,Amaze,S CVT,PETROL,AUTOMATIC,1199,90,110,2018,,10000,12
Honda,Amaze,V CVT,PETROL,AUTOMATIC,1199,90,110,2018,,10000,12
Honda,Amaze,VX CVT,PETROL,AUTOMATIC,1199,90,110,2024,,10000,12
Honda,Amaze,S Diesel,DIESEL,MANUAL,1498,100,200,2013,2023,10000,12
Honda,Amaze,V Diesel,DIESEL,MANUAL,1498,100,200,2013,2023,10000,12

Honda,Civic,V,PETROL,MANUAL,1799,141,174,2006,2021,10000,12
Honda,Civic,VX,PETROL,MANUAL,1799,141,174,2006,2021,10000,12
Honda,Civic,ZX CVT,PETROL,AUTOMATIC,1799,141,174,2019,2021,10000,12
Honda,Civic,VX Diesel,DIESEL,MANUAL,1597,120,300,2019,2021,10000,12
Honda,Civic,ZX Diesel,DIESEL,MANUAL,1597,120,300,2019,2021,10000,12

Honda,Accord,2.4 AT,PETROL,AUTOMATIC,2354,178,222,2003,2013,10000,12
Honda,Accord,V6,PETROL,AUTOMATIC,2997,275,339,2008,2013,10000,12
Honda,Accord,Hybrid,HYBRID,AUTOMATIC,1993,215,315,2016,2020,10000,12

Honda,Jazz,S,PETROL,MANUAL,1199,90,110,2009,2023,10000,12
Honda,Jazz,V,PETROL,MANUAL,1199,90,110,2009,2023,10000,12
Honda,Jazz,VX,PETROL,MANUAL,1199,90,110,2009,2023,10000,12
Honda,Jazz,V CVT,PETROL,AUTOMATIC,1199,90,110,2015,2023,10000,12
Honda,Jazz,VX CVT,PETROL,AUTOMATIC,1199,90,110,2015,2023,10000,12
Honda,Jazz,V Diesel,DIESEL,MANUAL,1498,100,200,2015,2020,10000,12
Honda,Jazz,VX Diesel,DIESEL,MANUAL,1498,100,200,2015,2020,10000,12

Honda,WR-V,S,PETROL,MANUAL,1199,90,110,2017,2023,10000,12
Honda,WR-V,V,PETROL,MANUAL,1199,90,110,2017,2023,10000,12
Honda,WR-V,VX,PETROL,MANUAL,1199,90,110,2020,2023,10000,12
Honda,WR-V,S Diesel,DIESEL,MANUAL,1498,100,200,2017,2023,10000,12
Honda,WR-V,V Diesel,DIESEL,MANUAL,1498,100,200,2017,2023,10000,12
Honda,WR-V,VX Diesel,DIESEL,MANUAL,1498,100,200,2020,2023,10000,12

Honda,Elevate,SV,PETROL,MANUAL,1498,121,145,2023,,10000,12
Honda,Elevate,V,PETROL,MANUAL,1498,121,145,2023,,10000,12
Honda,Elevate,VX,PETROL,MANUAL,1498,121,145,2023,,10000,12
Honda,Elevate,ZX,PETROL,MANUAL,1498,121,145,2023,,10000,12
Honda,Elevate,V CVT,PETROL,AUTOMATIC,1498,121,145,2023,,10000,12
Honda,Elevate,VX CVT,PETROL,AUTOMATIC,1498,121,145,2023,,10000,12
Honda,Elevate,ZX CVT,PETROL,AUTOMATIC,1498,121,145,2023,,10000,12
Honda,Elevate,Apex Edition V,PETROL,MANUAL,1498,121,145,2024,,10000,12
Honda,Elevate,Apex Edition VX,PETROL,MANUAL,1498,121,145,2024,,10000,12
Honda,Elevate,Black Edition ZX CVT,PETROL,AUTOMATIC,1498,121,145,2025,,10000,12

Honda,BR-V,S,PETROL,MANUAL,1497,119,145,2016,2020,10000,12
Honda,BR-V,V,PETROL,MANUAL,1497,119,145,2016,2020,10000,12
Honda,BR-V,VX,PETROL,MANUAL,1497,119,145,2016,2020,10000,12
Honda,BR-V,V CVT,PETROL,AUTOMATIC,1497,119,145,2016,2020,10000,12
Honda,BR-V,VX CVT,PETROL,AUTOMATIC,1497,119,145,2016,2020,10000,12
Honda,BR-V,V Diesel,DIESEL,MANUAL,1498,100,200,2016,2020,10000,12
Honda,BR-V,VX Diesel,DIESEL,MANUAL,1498,100,200,2016,2020,10000,12

Honda,CR-V,2.0 AT,PETROL,AUTOMATIC,1997,154,189,2007,2020,10000,12
Honda,CR-V,2.4 AT,PETROL,AUTOMATIC,2354,188,226,2007,2020,10000,12
Honda,CR-V,1.6 Diesel 2WD,DIESEL,AUTOMATIC,1597,120,300,2018,2020,10000,12
Honda,CR-V,1.6 Diesel AWD,DIESEL,AUTOMATIC,1597,160,350,2018,2020,10000,12

Honda,Mobilio,S Petrol,PETROL,MANUAL,1497,119,145,2014,2017,10000,12
Honda,Mobilio,V Petrol,PETROL,MANUAL,1497,119,145,2014,2017,10000,12
Honda,Mobilio,RS Petrol,PETROL,MANUAL,1497,119,145,2014,2017,10000,12
Honda,Mobilio,V Diesel,DIESEL,MANUAL,1498,100,200,2014,2017,10000,12
Honda,Mobilio,RS Diesel,DIESEL,MANUAL,1498,100,200,2014,2017,10000,12

Honda,Brio,E,PETROL,MANUAL,1198,88,109,2011,2019,10000,12
Honda,Brio,S,PETROL,MANUAL,1198,88,109,2011,2019,10000,12
Honda,Brio,V,PETROL,MANUAL,1198,88,109,2011,2019,10000,12
Honda,Brio,VX,PETROL,MANUAL,1198,88,109,2011,2019,10000,12
Honda,Brio,VX AT,PETROL,AUTOMATIC,1198,88,109,2011,2019,10000,12

Honda,CRX,Concept,PETROL,MANUAL,1498,130,150,2017,2017,10000,12

Honda,Prelude,Hybrid Coupe,HYBRID,AUTOMATIC,1993,204,315,2026,,10000,12

Honda,e,EV,AUTOMATIC,0,154,315,2025,,15000,12

Honda,Freed,Base,PETROL,AUTOMATIC,1496,118,145,2009,2016,10000,12

Honda,Insight,Hybrid,HYBRID,AUTOMATIC,1339,98,167,2009,2013,10000,12

Honda,HR-V,V,PETROL,MANUAL,1498,121,145,2026,,10000,12
Honda,HR-V,VX,PETROL,MANUAL,1498,121,145,2026,,10000,12
Honda,HR-V,ZX CVT,PETROL,AUTOMATIC,1498,121,145,2026,,10000,12
Honda,HR-V,e:HEV ZX,HYBRID,AUTOMATIC,1498,131,253,2026,,10000,12

Toyota,Glanza,E,PETROL,MANUAL,1197,90,113,2019,,10000,12
Toyota,Glanza,S,PETROL,MANUAL,1197,90,113,2019,,10000,12
Toyota,Glanza,G,PETROL,MANUAL,1197,90,113,2019,,10000,12
Toyota,Glanza,V,PETROL,MANUAL,1197,90,113,2019,,10000,12
Toyota,Glanza,S AMT,PETROL,AUTOMATIC,1197,90,113,2019,,10000,12
Toyota,Glanza,G AMT,PETROL,AUTOMATIC,1197,90,113,2019,,10000,12
Toyota,Glanza,V AMT,PETROL,AUTOMATIC,1197,90,113,2019,,10000,12
Toyota,Glanza,S CNG,CNG,MANUAL,1197,77,98,2022,,10000,12
Toyota,Glanza,G CNG,CNG,MANUAL,1197,77,98,2022,,10000,12

Toyota,Urban Cruiser Taisor,E,PETROL,MANUAL,1197,90,113,2024,,10000,12
Toyota,Urban Cruiser Taisor,S,PETROL,MANUAL,1197,90,113,2024,,10000,12
Toyota,Urban Cruiser Taisor,G,PETROL,MANUAL,998,100,148,2024,,10000,12
Toyota,Urban Cruiser Taisor,V,PETROL,MANUAL,998,100,148,2024,,10000,12
Toyota,Urban Cruiser Taisor,S AMT,PETROL,AUTOMATIC,1197,90,113,2024,,10000,12
Toyota,Urban Cruiser Taisor,V AT,PETROL,AUTOMATIC,998,100,148,2024,,10000,12
Toyota,Urban Cruiser Taisor,E CNG,CNG,MANUAL,1197,77,98,2024,,10000,12
Toyota,Urban Cruiser Taisor,S CNG,CNG,MANUAL,1197,77,98,2024,,10000,12

Toyota,Urban Cruiser,Mid,PETROL,MANUAL,1462,105,138,2020,2022,10000,12
Toyota,Urban Cruiser,High,PETROL,MANUAL,1462,105,138,2020,2022,10000,12
Toyota,Urban Cruiser,Premium,PETROL,MANUAL,1462,105,138,2020,2022,10000,12
Toyota,Urban Cruiser,Premium AT,PETROL,AUTOMATIC,1462,105,138,2020,2022,10000,12

Toyota,Hyryder,E NeoDrive,PETROL,MANUAL,1462,103,137,2022,,10000,12
Toyota,Hyryder,S NeoDrive,PETROL,MANUAL,1462,103,137,2022,,10000,12
Toyota,Hyryder,G NeoDrive,PETROL,MANUAL,1462,103,137,2022,,10000,12
Toyota,Hyryder,V NeoDrive,PETROL,MANUAL,1462,103,137,2022,,10000,12
Toyota,Hyryder,V AT,PETROL,AUTOMATIC,1462,103,137,2022,,10000,12
Toyota,Hyryder,S Hybrid,HYBRID,AUTOMATIC,1490,116,141,2022,,10000,12
Toyota,Hyryder,G Hybrid,HYBRID,AUTOMATIC,1490,116,141,2022,,10000,12
Toyota,Hyryder,V Hybrid,HYBRID,AUTOMATIC,1490,116,141,2022,,10000,12

Toyota,Fortuner,4x2 MT,DIESEL,MANUAL,2755,204,500,2016,,10000,12
Toyota,Fortuner,4x2 AT,DIESEL,AUTOMATIC,2755,204,500,2016,,10000,12
Toyota,Fortuner,4x4 MT,DIESEL,MANUAL,2755,204,500,2016,,10000,12
Toyota,Fortuner,4x4 AT,DIESEL,AUTOMATIC,2755,204,500,2016,,10000,12
Toyota,Fortuner,GR Sport,DIESEL,AUTOMATIC,2755,224,550,2023,,10000,12
Toyota,Fortuner,Petrol MT,PETROL,MANUAL,2694,166,245,2016,,10000,12
Toyota,Fortuner,Petrol AT,PETROL,AUTOMATIC,2694,166,245,2016,,10000,12

Toyota,Innova Crysta,GX 7 Seater,DIESEL,MANUAL,2393,150,343,2016,,10000,12
Toyota,Innova Crysta,GX 8 Seater,DIESEL,MANUAL,2393,150,343,2016,,10000,12
Toyota,Innova Crysta,VX,DIESEL,MANUAL,2393,150,343,2016,,10000,12
Toyota,Innova Crysta,ZX,DIESEL,AUTOMATIC,2393,150,360,2016,,10000,12
Toyota,Innova Crysta,ZX AT,DIESEL,AUTOMATIC,2393,150,360,2016,,10000,12

Toyota,Innova Hycross,GX,PETROL,AUTOMATIC,1987,174,205,2022,,10000,12
Toyota,Innova Hycross,GX(O),PETROL,AUTOMATIC,1987,174,205,2022,,10000,12
Toyota,Innova Hycross,VX,HYBRID,AUTOMATIC,1987,186,206,2022,,10000,12
Toyota,Innova Hycross,VX(O),HYBRID,AUTOMATIC,1987,186,206,2022,,10000,12
Toyota,Innova Hycross,ZX,HYBRID,AUTOMATIC,1987,186,206,2022,,10000,12
Toyota,Innova Hycross,ZX(O),HYBRID,AUTOMATIC,1987,186,206,2022,,10000,12

Toyota,Innova,GX Petrol,PETROL,MANUAL,1998,132,181,2005,2016,10000,12
Toyota,Innova,VX Petrol,PETROL,MANUAL,1998,132,181,2005,2016,10000,12
Toyota,Innova,GX Diesel,DIESEL,MANUAL,2494,102,200,2005,2016,10000,12
Toyota,Innova,VX Diesel,DIESEL,MANUAL,2494,102,200,2005,2016,10000,12

Toyota,Camry,Hybrid,HYBRID,AUTOMATIC,2487,218,221,2019,,10000,12
Toyota,Camry,Elegance Hybrid,HYBRID,AUTOMATIC,2487,218,221,2022,,10000,12

Toyota,Corolla Altis,G,PETROL,MANUAL,1798,140,173,2008,2020,10000,12
Toyota,Corolla Altis,GL,PETROL,MANUAL,1798,140,173,2008,2020,10000,12
Toyota,Corolla Altis,VL,PETROL,AUTOMATIC,1798,140,173,2008,2020,10000,12
Toyota,Corolla Altis,D-4D G,DIESEL,MANUAL,1364,88,205,2010,2020,10000,12
Toyota,Corolla Altis,D-4D GL,DIESEL,MANUAL,1364,88,205,2010,2020,10000,12

Toyota,Etios,Liva G,PETROL,MANUAL,1197,80,104,2011,2020,10000,12
Toyota,Etios,Liva V,PETROL,MANUAL,1197,80,104,2011,2020,10000,12
Toyota,Etios,Liva VX,PETROL,MANUAL,1197,80,104,2011,2020,10000,12
Toyota,Etios,Liva GD,DIESEL,MANUAL,1364,68,170,2011,2020,10000,12
Toyota,Etios,Liva VD,DIESEL,MANUAL,1364,68,170,2011,2020,10000,12

Toyota,Etios,G,PETROL,MANUAL,1496,90,132,2010,2020,10000,12
Toyota,Etios,V,PETROL,MANUAL,1496,90,132,2010,2020,10000,12
Toyota,Etios,VX,PETROL,MANUAL,1496,90,132,2010,2020,10000,12
Toyota,Etios,GD,DIESEL,MANUAL,1364,68,170,2010,2020,10000,12
Toyota,Etios,VD,DIESEL,MANUAL,1364,68,170,2010,2020,10000,12

Toyota,Yaris,J,PETROL,MANUAL,1496,107,140,2018,2021,10000,12
Toyota,Yaris,G,PETROL,MANUAL,1496,107,140,2018,2021,10000,12
Toyota,Yaris,V,PETROL,MANUAL,1496,107,140,2018,2021,10000,12
Toyota,Yaris,VX,PETROL,MANUAL,1496,107,140,2018,2021,10000,12
Toyota,Yaris,G CVT,PETROL,AUTOMATIC,1496,107,140,2018,2021,10000,12
Toyota,Yaris,V CVT,PETROL,AUTOMATIC,1496,107,140,2018,2021,10000,12
Toyota,Yaris,VX CVT,PETROL,AUTOMATIC,1496,107,140,2018,2021,10000,12

Toyota,Hilux,STD,DIESEL,MANUAL,2755,204,420,2022,,10000,12
Toyota,Hilux,High,DIESEL,MANUAL,2755,204,420,2022,,10000,12
Toyota,Hilux,High AT,DIESEL,AUTOMATIC,2755,204,500,2022,,10000,12

Toyota,Land Cruiser 300,ZX,DIESEL,AUTOMATIC,3346,309,700,2022,,10000,12
Toyota,Land Cruiser Prado,VX,DIESEL,AUTOMATIC,2755,204,500,2010,2023,10000,12
Toyota,Land Cruiser Prado,TX,DIESEL,AUTOMATIC,2755,204,500,2010,2023,10000,12

Toyota,Land Cruiser LC200,VX,DIESEL,AUTOMATIC,4461,262,650,2008,2021,10000,12
Toyota,Land Cruiser LC200,ZX,DIESEL,AUTOMATIC,4461,262,650,2008,2021,10000,12

Toyota,Prius,Hybrid,HYBRID,AUTOMATIC,1798,122,163,2010,2018,10000,12

Toyota,Vellfire,Executive Lounge,HYBRID,AUTOMATIC,2487,193,239,2020,,10000,12
Toyota,Vellfire,VIP Executive Lounge,HYBRID,AUTOMATIC,2487,193,239,2023,,10000,12

Toyota,Qualis,FS B2,DIESEL,MANUAL,2446,75,151,2000,2005,10000,12
Toyota,Qualis,GS C2,DIESEL,MANUAL,2446,75,151,2000,2005,10000,12
Toyota,Qualis,RS E2,DIESEL,MANUAL,2446,75,151,2000,2005,10000,12

Toyota,Rumion,S,PETROL,MANUAL,1462,103,137,2023,,10000,12
Toyota,Rumion,G,PETROL,MANUAL,1462,103,137,2023,,10000,12
Toyota,Rumion,V,PETROL,MANUAL,1462,103,137,2023,,10000,12
Toyota,Rumion,S AT,PETROL,AUTOMATIC,1462,103,137,2023,,10000,12
Toyota,Rumion,V AT,PETROL,AUTOMATIC,1462,103,137,2023,,10000,12
Toyota,Rumion,S CNG,CNG,MANUAL,1462,88,121,2023,,10000,12

Toyota,Starlet,1.4,PETROL,MANUAL,1332,85,121,1999,2005,10000,12

Toyota,MR2,GT,PETROL,MANUAL,1998,218,200,2000,2007,10000,12

Toyota,Celica,GT,PETROL,MANUAL,1794,140,170,2000,2006,10000,12
Toyota,Celica,GT-S,PETROL,MANUAL,1796,190,180,2000,2006,10000,12

Toyota,Supra,GR 3.0,PETROL,AUTOMATIC,2998,340,500,2021,,10000,12

Toyota,86,GT,PETROL,MANUAL,1998,200,205,2013,2021,10000,12
Toyota,86,GT AT,PETROL,AUTOMATIC,1998,200,205,2013,2021,10000,12

Toyota,bZ4X,FWD,EV,AUTOMATIC,0,204,266,2025,,15000,12
Toyota,bZ4X,AWD,EV,AUTOMATIC,0,218,337,2025,,15000,12

Toyota,C-HR,S Hybrid,HYBRID,AUTOMATIC,1798,122,163,2018,2023,10000,12
Toyota,C-HR,G Hybrid,HYBRID,AUTOMATIC,1798,122,163,2018,2023,10000,12

Toyota,RAV4,Hybrid AWD,HYBRID,AUTOMATIC,2487,218,221,2021,,10000,12

Toyota,Avanza,G,PETROL,MANUAL,1496,105,136,2008,2012,10000,12
Toyota,Avanza,G AT,PETROL,AUTOMATIC,1496,105,136,2008,2012,10000,12

Toyota,Fortuner Legender,4x2 AT,DIESEL,AUTOMATIC,2755,204,500,2021,,10000,12
Toyota,Fortuner Legender,4x4 AT,DIESEL,AUTOMATIC,2755,224,550,2023,,10000,12

Toyota,Commuter,DIESEL,MANUAL,2755,176,420,2020,,10000,12
Toyota,Hiace,DIESEL,MANUAL,2755,176,420,2020,,10000,12

Toyota,Coaster,DIESEL,MANUAL,4009,136,353,2007,,20000,12

Toyota,Aygo,X,PETROL,MANUAL,998,72,93,2005,2014,10000,12
Toyota,Aygo,X-Play,PETROL,MANUAL,998,72,93,2014,2022,10000,12
Toyota,Aygo X,Edge,PETROL,MANUAL,998,72,93,2022,,10000,12
Toyota,Aygo X,Exclusive,PETROL,AUTOMATIC,998,72,93,2022,,10000,12

Toyota,Auris,Active,PETROL,MANUAL,1598,132,160,2010,2018,10000,12
Toyota,Auris,Sport,PETROL,MANUAL,1798,140,173,2010,2018,10000,12
Toyota,Auris,Hybrid,HYBRID,AUTOMATIC,1798,136,142,2013,2018,10000,12
Toyota,Auris,D-4D,DIESEL,MANUAL,1364,90,205,2010,2018,10000,12

Toyota,Corolla,G,PETROL,MANUAL,1798,140,173,2003,2008,10000,12
Toyota,Corolla,GLI,PETROL,MANUAL,1798,140,173,2003,2008,10000,12
Toyota,Corolla,D-4D,DIESEL,MANUAL,1995,116,280,2003,2008,10000,12

Toyota,Corolla Cross,G,PETROL,AUTOMATIC,1987,171,205,2023,,10000,12
Toyota,Corolla Cross,V,HYBRID,AUTOMATIC,1987,197,206,2023,,10000,12
Toyota,Corolla Cross,GR Sport,HYBRID,AUTOMATIC,1987,197,206,2024,,10000,12

Toyota,Alphard,Executive Lounge,HYBRID,AUTOMATIC,2487,250,239,2024,,10000,12
Toyota,Alphard,VIP Lounge,HYBRID,AUTOMATIC,2487,250,239,2024,,10000,12

Toyota,Sienna,LE,HYBRID,AUTOMATIC,2487,245,239,2021,,10000,12
Toyota,Sienna,XLE,HYBRID,AUTOMATIC,2487,245,239,2021,,10000,12
Toyota,Sienna,Platinum,HYBRID,AUTOMATIC,2487,245,239,2021,,10000,12

Toyota,Sequoia,SR5,HYBRID,AUTOMATIC,3445,437,790,2023,,10000,12
Toyota,Sequoia,Limited,HYBRID,AUTOMATIC,3445,437,790,2023,,10000,12
Toyota,Sequoia,Capstone,HYBRID,AUTOMATIC,3445,437,790,2023,,10000,12

Toyota,Tundra,SR,PETROL,AUTOMATIC,3445,389,649,2022,,10000,12
Toyota,Tundra,Limited,PETROL,AUTOMATIC,3445,389,649,2022,,10000,12
Toyota,Tundra,TRD Pro,HYBRID,AUTOMATIC,3445,437,790,2022,,10000,12

Toyota,Tacoma,SR,PETROL,MANUAL,2393,278,317,2024,,10000,12
Toyota,Tacoma,TRD Sport,PETROL,AUTOMATIC,2393,278,317,2024,,10000,12
Toyota,Tacoma,TRD Pro,HYBRID,AUTOMATIC,2393,326,630,2024,,10000,12

Toyota,FJ Cruiser,Base,PETROL,AUTOMATIC,3956,271,380,2007,2022,10000,12

Toyota,4Runner,SR5,PETROL,AUTOMATIC,3956,270,376,2010,2024,10000,12
Toyota,4Runner,TRD Off Road,PETROL,AUTOMATIC,3956,270,376,2010,2024,10000,12
Toyota,4Runner,Limited,PETROL,AUTOMATIC,3956,270,376,2010,2024,10000,12

Toyota,Corona,GL,PETROL,MANUAL,1794,125,161,1998,2003,10000,12
Toyota,Crown,Royal Saloon,HYBRID,AUTOMATIC,2494,220,221,2013,2018,10000,12
Toyota,Crown Crossover,RS Advanced,HYBRID,AUTOMATIC,2393,349,460,2023,,10000,12

Toyota,Mark X,250G,PETROL,AUTOMATIC,2499,203,243,2004,2019,10000,12
Toyota,Mark X,350RDS,PETROL,AUTOMATIC,3456,318,380,2016,2019,10000,12

Toyota,Wish,2.0G,PETROL,AUTOMATIC,1987,155,196,2003,2017,10000,12
Toyota,Noah,Hybrid G,HYBRID,AUTOMATIC,1797,136,142,2014,,10000,12
Toyota,Voxy,Hybrid S-Z,HYBRID,AUTOMATIC,1797,136,142,2014,,10000,12
Toyota,Esquire,Hybrid Gi,HYBRID,AUTOMATIC,1797,136,142,2014,2021,10000,12

Toyota,LiteAce,DX,PETROL,MANUAL,1495,97,134,1998,2007,10000,12
Toyota,LiteAce,GL,DIESEL,MANUAL,2184,79,147,1998,2007,10000,12

Toyota,TownAce,DX,PETROL,MANUAL,1495,97,134,1998,2008,10000,12
Toyota,TownAce,GL,DIESEL,MANUAL,2184,79,147,1998,2008,10000,12

Toyota,Probox,F,PETROL,MANUAL,1496,109,136,2002,,10000,12
Toyota,Probox,GX,PETROL,AUTOMATIC,1496,109,136,2002,,10000,12
Toyota,Probox,DX Diesel,DIESEL,MANUAL,1496,74,170,2002,,10000,12

Toyota,Succeed,UL,PETROL,MANUAL,1496,109,136,2002,2020,10000,12
Toyota,Succeed,U Hybrid,HYBRID,AUTOMATIC,1496,100,111,2018,2020,10000,12

Toyota,Raize,X,PETROL,MANUAL,998,98,140,2020,,10000,12
Toyota,Raize,G,PETROL,AUTOMATIC,998,98,140,2020,,10000,12
Toyota,Raize,Z Turbo,PETROL,AUTOMATIC,998,98,140,2020,,10000,12
Toyota,Raize,e-Smart Hybrid,HYBRID,AUTOMATIC,1196,106,170,2022,,10000,12

Toyota,Rush,G,PETROL,MANUAL,1496,104,136,2018,,10000,12
Toyota,Rush,S AT,PETROL,AUTOMATIC,1496,104,136,2018,,10000,12

Toyota,Yaris Cross,G Hybrid,HYBRID,AUTOMATIC,1490,116,141,2023,,10000,12
Toyota,Yaris Cross,Z Hybrid,HYBRID,AUTOMATIC,1490,116,141,2023,,10000,12
Toyota,Yaris Cross,Adventure Hybrid,HYBRID,AUTOMATIC,1490,116,141,2023,,10000,12

Toyota,Harrier,Z Hybrid,HYBRID,AUTOMATIC,2487,218,221,2020,,10000,12
Toyota,Harrier,Leather Package,HYBRID,AUTOMATIC,2487,218,221,2020,,10000,12

Toyota,Kluger,GX,HYBRID,AUTOMATIC,2487,248,239,2021,,10000,12
Toyota,Kluger,Grande,HYBRID,AUTOMATIC,2487,248,239,2021,,10000,12

Toyota,Highlander,LE,HYBRID,AUTOMATIC,2487,243,239,2020,,10000,12
Toyota,Highlander,XLE,HYBRID,AUTOMATIC,2487,243,239,2020,,10000,12
Toyota,Highlander,Platinum,HYBRID,AUTOMATIC,2487,243,239,2020,,10000,12

Toyota,Mirai,XLE,HYDROGEN,AUTOMATIC,0,182,300,2021,,15000,12
Toyota,Mirai,Limited,HYDROGEN,AUTOMATIC,0,182,300,2021,,15000,12

Toyota,iQ,100G,PETROL,MANUAL,998,68,91,2008,2016,10000,12
Toyota,iQ,130G,PETROL,MANUAL,1329,94,123,2008,2016,10000,12

Toyota,Blade,G,PETROL,AUTOMATIC,2362,167,224,2006,2012,10000,12
Toyota,Blade,Master G,PETROL,AUTOMATIC,3456,280,344,2007,2012,10000,12

Toyota,Belta,X,PETROL,MANUAL,1298,87,121,2005,2012,10000,12
Toyota,Belta,G,PETROL,AUTOMATIC,1496,109,141,2005,2012,10000,12

Toyota,Allion,A15,PETROL,AUTOMATIC,1496,109,136,2001,2021,10000,12
Toyota,Allion,A18,PETROL,AUTOMATIC,1797,140,173,2001,2021,10000,12

Toyota,Premio,F EX,PETROL,AUTOMATIC,1496,109,136,2001,2021,10000,12
Toyota,Premio,G Superior,PETROL,AUTOMATIC,1986,152,192,2001,2021,10000,12

Toyota,ISIS,Platana,PETROL,AUTOMATIC,1794,132,170,2004,2017,10000,12
Toyota,Spade,F,PETROL,AUTOMATIC,1496,109,136,2012,2020,10000,12
Toyota,Porte,F,PETROL,AUTOMATIC,1496,109,136,2012,2020,10000,12

Toyota,Matrix,XR,PETROL,MANUAL,1798,132,174,2009,2014,10000,12
Toyota,Verso,Active,DIESEL,MANUAL,1598,112,270,2010,2018,10000,12
Toyota,Verso,Icon,PETROL,MANUAL,1798,147,180,2010,2018,10000,12

Toyota,Verso-S,T Spirit,PETROL,MANUAL,1329,99,125,2011,2017,10000,12

Toyota,Avensis,Active,PETROL,MANUAL,1798,147,180,2009,2018,10000,12
Toyota,Avensis,Icon,DIESEL,MANUAL,1998,143,320,2009,2018,10000,12
Toyota,Avensis,Excel,DIESEL,AUTOMATIC,2231,150,340,2009,2018,10000,12

Toyota,Caldina,ZT,PETROL,AUTOMATIC,1794,132,170,2002,2007,10000,12
Toyota,Caldina,GT-FOUR,PETROL,AUTOMATIC,1998,260,324,2002,2007,10000,12

Toyota,Chaser,Avante,PETROL,AUTOMATIC,2491,200,255,1998,2001,10000,12
Toyota,Chaser,Tourer V,PETROL,MANUAL,2491,280,378,1998,2001,10000,12

Toyota,Cresta,Super Lucent,PETROL,AUTOMATIC,2491,200,255,1998,2001,10000,12

Toyota,Aristo,S300,PETROL,AUTOMATIC,2997,230,300,1998,2005,10000,12
Toyota,Aristo,V300 Vertex Edition,PETROL,AUTOMATIC,2997,280,451,1998,2005,10000,12

Toyota,Soarer,430SCV,PETROL,AUTOMATIC,4292,280,430,2001,2005,10000,12

Toyota,Altezza,RS200,PETROL,MANUAL,1998,210,216,1998,2005,10000,12
Toyota,Altezza,AS200,PETROL,AUTOMATIC,1988,160,200,1998,2005,10000,12

Toyota,Sprinter,SE Vintage,PETROL,MANUAL,1587,115,145,1998,2002,10000,12

Toyota,Sprinter Trueno,BZ-R,PETROL,MANUAL,1587,165,162,1998,2000,10000,12

Toyota,Levin,BZ-R,PETROL,MANUAL,1587,165,162,1998,2000,10000,12

Toyota,Corona Premio,G,PETROL,AUTOMATIC,1794,125,161,1998,2001,10000,12

Toyota,Celsior,C,PETROL,AUTOMATIC,4292,280,430,2000,2006,10000,12

Toyota,Century,Standard,HYBRID,AUTOMATIC,4969,431,510,2018,,10000,12
Toyota,Century,SUV,HYBRID,AUTOMATIC,3456,412,550,2023,,10000,12

Toyota,GranAce,Premium,DIESEL,AUTOMATIC,2755,176,450,2019,,10000,12

Toyota,GR86,SZ,PETROL,MANUAL,2387,235,250,2022,,10000,12
Toyota,GR86,RZ,PETROL,AUTOMATIC,2387,235,250,2022,,10000,12

Toyota,GR Corolla,Core,PETROL,MANUAL,1618,300,370,2022,,10000,12
Toyota,GR Corolla,Circuit Edition,PETROL,MANUAL,1618,300,370,2023,,10000,12

Toyota,GR Yaris,RZ,PETROL,MANUAL,1618,272,370,2020,,10000,12
Toyota,GR Yaris,RS,PETROL,AUTOMATIC,1490,120,145,2020,,10000,12

Toyota,Yaris Ativ,Premium,PETROL,CVT,1197,94,110,2022,,10000,12
Toyota,Yaris Ativ,Smart,PETROL,CVT,1197,94,110,2022,,10000,12

Toyota,Vios,E,PETROL,MANUAL,1496,107,140,2007,,10000,12
Toyota,Vios,G,PETROL,CVT,1496,107,140,2007,,10000,12

Toyota,Reiz,2.5V,PETROL,AUTOMATIC,2499,193,243,2005,2017,10000,12

Toyota,Sienta,G,PETROL,CVT,1496,109,136,2015,,10000,12
Toyota,Sienta,Hybrid G,HYBRID,CVT,1496,100,111,2015,,10000,12

Toyota,Pixis Epoch,L,PETROL,CVT,658,49,57,2012,,10000,12
Toyota,Pixis Joy,F,PETROL,CVT,658,64,92,2016,,10000,12
Toyota,Pixis Mega,G,PETROL,CVT,658,64,92,2015,,10000,12
Toyota,Pixis Van,Cruise,PETROL,MANUAL,658,46,60,2011,,10000,12
Toyota,Pixis Truck,Standard,PETROL,MANUAL,658,46,60,2011,,10000,12

Toyota,Pixis Space,X,PETROL,CVT,658,52,60,2011,2017,10000,12

Toyota,Dyna,150,DIESEL,MANUAL,2494,102,260,2000,,20000,12
Toyota,Dyna,200,DIESEL,MANUAL,2755,150,420,2016,,20000,12
Toyota,Dyna,300,DIESEL,MANUAL,4009,136,353,2000,,20000,12

Toyota,ToyoAce,Standard,DIESEL,MANUAL,2494,102,260,2000,2020,20000,12
Toyota,ToyoAce,Wide Cab,DIESEL,MANUAL,4009,136,353,2000,2020,20000,12

Toyota,Hino Dutro,Standard,DIESEL,MANUAL,4009,136,353,2003,,20000,12

Toyota,Mega Cruiser,Standard,DIESEL,AUTOMATIC,4104,153,382,1998,2002,10000,12

Toyota,Origin,Base,PETROL,AUTOMATIC,2997,220,294,2000,2001,10000,12

Toyota,Opa,I,PETROL,AUTOMATIC,1794,125,161,2000,2005,10000,12
Toyota,Opa,A,PETROL,AUTOMATIC,1998,152,192,2000,2005,10000,12

Toyota,Nadia,L,PETROL,AUTOMATIC,1998,145,196,1998,2003,10000,12
Toyota,Nadia,SU,D-4,PETROL,AUTOMATIC,1998,152,200,1998,2003,10000,12

Toyota,Gaia,Standard,PETROL,AUTOMATIC,1998,135,181,1998,2004,10000,12

Toyota,Funcargo,X,PETROL,AUTOMATIC,1496,109,141,1999,2005,10000,12
Toyota,Funcargo,G,PETROL,AUTOMATIC,1496,109,141,1999,2005,10000,12

Toyota,WiLL Vi,Base,PETROL,AUTOMATIC,1298,88,123,2000,2001,10000,12
Toyota,WiLL VS,180,Sports,PETROL,MANUAL,1796,190,180,2001,2004,10000,12
Toyota,WiLL Cypha,Base,PETROL,CVT,1298,88,123,2002,2005,10000,12

Toyota,bB,S,PETROL,AUTOMATIC,1496,109,141,2000,2016,10000,12
Toyota,bB,Z Aero,PETROL,AUTOMATIC,1496,109,141,2000,2016,10000,12

Toyota,Ractis,G,PETROL,CVT,1496,109,136,2005,2016,10000,12
Toyota,Ractis,S,PETROL,CVT,1496,109,136,2005,2016,10000,12

Toyota,Roomy,G,PETROL,CVT,996,98,140,2016,,10000,12
Toyota,Roomy,Custom G-T,PETROL,CVT,996,98,140,2016,,10000,12

Toyota,Tank,G,PETROL,CVT,996,98,140,2016,2020,10000,12
Toyota,Tank,Custom G-T,PETROL,CVT,996,98,140,2016,2020,10000,12

Toyota,Cami,Q Aero,PETROL,MANUAL,1297,90,123,1999,2005,10000,12

Toyota,Duet,V,PETROL,MANUAL,1297,110,125,1998,2004,10000,12
Toyota,Duet,S,PETROL,AUTOMATIC,989,60,94,1998,2004,10000,12

Toyota,Passo,X,PETROL,CVT,996,69,92,2004,,10000,12
Toyota,Passo,Moda,PETROL,CVT,996,69,92,2016,,10000,12

Toyota,Passo Sette,G,PETROL,AUTOMATIC,1495,109,141,2008,2012,10000,12

Toyota,Vitz,F,PETROL,CVT,996,69,92,1999,2020,10000,12
Toyota,Vitz,RS,PETROL,MANUAL,1496,109,141,2005,2020,10000,12
Toyota,Vitz,Hybrid U,HYBRID,CVT,1496,100,111,2017,2020,10000,12

Toyota,Echo,Base,PETROL,MANUAL,1497,108,141,2000,2005,10000,12
Toyota,Platz,F,PETROL,MANUAL,1496,109,141,1999,2005,10000,12

Toyota,Voltz,Base,PETROL,MANUAL,1794,132,170,2002,2004,10000,12

Toyota,Ist,150G,PETROL,CVT,1496,109,136,2002,2016,10000,12
Toyota,Ist,180G,PETROL,CVT,1797,132,173,2007,2016,10000,12

Toyota,Blade Master,Master,PETROL,AUTOMATIC,3456,280,344,2007,2012,10000,12

Toyota,Brevis,Ai250,PETROL,AUTOMATIC,2491,200,255,2001,2007,10000,12
Toyota,Brevis,Ai300,PETROL,AUTOMATIC,2997,220,294,2001,2007,10000,12

Toyota,Carina,GT,PETROL,MANUAL,1762,165,162,1998,2001,10000,12
Toyota,Carina,Ti My Road,PETROL,AUTOMATIC,1762,115,156,1998,2001,10000,12

Toyota,Carina ED,GT,PETROL,MANUAL,1998,180,191,1998,1999,10000,12

Toyota,Cavalier,2.4G,PETROL,AUTOMATIC,2392,150,210,1998,2000,10000,12

Toyota,Coaster Big Van,DIESEL,MANUAL,4009,136,353,2000,,20000,12

Toyota,Comfort,DX,LPG,MANUAL,1998,79,152,1998,2018,10000,12
Toyota,Comfort,Standard,LPG,AUTOMATIC,1998,79,152,1998,2018,10000,12

Toyota,Corona Premio,E,PETROL,MANUAL,1794,125,161,1998,2001,10000,12
Toyota,Corona Premio,G,PETROL,AUTOMATIC,1998,145,196,1998,2001,10000,12

Toyota,Curren,XS,PETROL,MANUAL,1794,140,171,1998,1999,10000,12

Toyota,Estima,Aeras,PETROL,AUTOMATIC,2362,170,224,2000,,10000,12
Toyota,Estima,Hybrid G,HYBRID,AUTOMATIC,2362,190,270,2001,,10000,12

Toyota,Fortuner TRD Sportivo,4x2 AT,DIESEL,AUTOMATIC,2755,177,450,2014,2016,10000,12
Toyota,Fortuner TRD Sportivo,4x4 AT,DIESEL,AUTOMATIC,2755,177,450,2014,2016,10000,12

Toyota,Granvia,Premium,DIESEL,AUTOMATIC,2755,176,450,2019,,10000,12

Toyota,Hilux Revo,Standard,DIESEL,MANUAL,2393,150,343,2015,,10000,12
Toyota,Hilux Revo,Rocco,DIESEL,AUTOMATIC,2755,204,500,2018,,10000,12

Toyota,Mark II,Grande,PETROL,AUTOMATIC,2491,200,255,1998,2004,10000,12
Toyota,Mark II,IR-V,PETROL,MANUAL,2491,280,378,1998,2004,10000,12

Toyota,MasterAce Surf,Super Extra,DIESEL,MANUAL,2184,91,192,1998,1999,10000,12

Toyota,Picnic,GL,PETROL,MANUAL,1998,128,180,1998,2001,10000,12

Toyota,Pronard,3.0G,PETROL,AUTOMATIC,2995,215,289,2000,2003,10000,12

Toyota,Regius,Wind Tourer,DIESEL,AUTOMATIC,2982,140,343,1998,2002,10000,12

Toyota,RegiusAce,DX,DIESEL,MANUAL,2494,109,260,2004,,10000,12
Toyota,RegiusAce,Super GL,DIESEL,AUTOMATIC,2755,151,300,2017,,10000,12

Toyota,SAI,S Hybrid,HYBRID,AUTOMATIC,2362,190,270,2009,2021,10000,12
Toyota,SAI,G Hybrid,HYBRID,AUTOMATIC,2362,190,270,2009,2021,10000,12

Toyota,Vista,N180,PETROL,MANUAL,1794,125,161,1998,2003,10000,12
Toyota,Vista Ardeo,200G,PETROL,AUTOMATIC,1998,145,196,1998,2003,10000,12

Toyota,Windom,3.0G,PETROL,AUTOMATIC,2995,215,289,2001,2006,10000,12

Toyota,XA10 RAV4,3 Door,PETROL,MANUAL,1998,129,178,1998,2000,10000,12
Toyota,XA10 RAV4,5 Door,PETROL,MANUAL,1998,129,178,1998,2000,10000,12

Toyota,XA20 RAV4,Base,PETROL,MANUAL,1998,150,192,2000,2005,10000,12
Toyota,XA30 RAV4,Base,PETROL,AUTOMATIC,2362,170,224,2006,2012,10000,12
Toyota,XA40 RAV4,Hybrid,HYBRID,AUTOMATIC,2494,194,206,2013,2018,10000,12
Toyota,XA50 RAV4,Hybrid,HYBRID,AUTOMATIC,2487,218,221,2019,,10000,12

Nissan,Magnite XE,PETROL,MANUAL,999,72,96,2020,,10000,12
Nissan,Magnite XL,PETROL,MANUAL,999,72,96,2020,,10000,12
Nissan,Magnite XV,PETROL,MANUAL,999,72,96,2020,,10000,12
Nissan,Magnite XV Premium,PETROL,MANUAL,999,72,96,2020,,10000,12
Nissan,Magnite Turbo XV,PETROL,MANUAL,999,100,160,2020,,10000,12
Nissan,Magnite Turbo XV CVT,PETROL,AUTOMATIC,999,100,152,2020,,10000,12
Nissan,Magnite Turbo XV Premium,PETROL,MANUAL,999,100,160,2020,,10000,12
Nissan,Magnite Turbo XV Premium CVT,PETROL,AUTOMATIC,999,100,152,2020,,10000,12
Nissan,Magnite Geza Edition,PETROL,MANUAL,999,72,96,2023,,10000,12
Nissan,Magnite Kuro Edition Turbo CVT,PETROL,AUTOMATIC,999,100,152,2023,,10000,12

Nissan,Micra XE,PETROL,MANUAL,1198,76,104,2010,2020,10000,12
Nissan,Micra XL,PETROL,MANUAL,1198,76,104,2010,2020,10000,12
Nissan,Micra XV,PETROL,MANUAL,1198,76,104,2010,2020,10000,12
Nissan,Micra XV CVT,PETROL,AUTOMATIC,1198,76,104,2013,2020,10000,12
Nissan,Micra Active XL,PETROL,MANUAL,1198,68,104,2013,2020,10000,12
Nissan,Micra Diesel XV,DIESEL,MANUAL,1461,64,160,2010,2020,10000,12
Nissan,Micra Diesel XV Premium,DIESEL,MANUAL,1461,64,160,2010,2020,10000,12

Nissan,Sunny XE,PETROL,MANUAL,1498,99,134,2011,2020,10000,12
Nissan,Sunny XL,PETROL,MANUAL,1498,99,134,2011,2020,10000,12
Nissan,Sunny XV,PETROL,MANUAL,1498,99,134,2011,2020,10000,12
Nissan,Sunny XV CVT,PETROL,AUTOMATIC,1498,99,134,2011,2020,10000,12
Nissan,Sunny Diesel XL,DIESEL,MANUAL,1461,86,200,2011,2020,10000,12
Nissan,Sunny Diesel XV,DIESEL,MANUAL,1461,86,200,2011,2020,10000,12

Nissan,Terrano XL,DIESEL,MANUAL,1461,85,200,2013,2020,10000,12
Nissan,Terrano XV,DIESEL,MANUAL,1461,110,245,2013,2020,10000,12
Nissan,Terrano XV AMT,DIESEL,AUTOMATIC,1461,110,245,2016,2020,10000,12
Nissan,Terrano XL Petrol,PETROL,MANUAL,1598,104,142,2013,2020,10000,12
Nissan,Terrano XV Petrol,PETROL,MANUAL,1598,104,142,2013,2020,10000,12
Nissan,Terrano XV CVT,PETROL,AUTOMATIC,1598,104,142,2016,2020,10000,12

Nissan,Kicks XL,PETROL,MANUAL,1498,106,142,2019,2022,10000,12
Nissan,Kicks XV,PETROL,MANUAL,1498,106,142,2019,2022,10000,12
Nissan,Kicks Turbo XV,PETROL,MANUAL,1330,156,254,2020,2022,10000,12
Nissan,Kicks Turbo XV CVT,PETROL,AUTOMATIC,1330,156,254,2020,2022,10000,12

Nissan,X-Trail,Hybrid,HYBRID,AUTOMATIC,1498,204,330,2024,,10000,12
Nissan,X-Trail,Tekna e-POWER,HYBRID,AUTOMATIC,1498,204,330,2024,,10000,12

Nissan,Evalia XE,DIESEL,MANUAL,1461,85,200,2012,2014,10000,12
Nissan,Evalia XV,DIESEL,MANUAL,1461,85,200,2012,2014,10000,12

Nissan,GT-R Premium,PETROL,AUTOMATIC,3799,565,633,2017,,10000,12
Nissan,GT-R NISMO,PETROL,AUTOMATIC,3799,600,652,2020,,10000,12

Nissan,370Z Sport,PETROL,MANUAL,3696,332,363,2010,2020,10000,12

Nissan,Leaf,SV Plus,EV,AUTOMATIC,0,214,340,2022,,15000,12
Nissan,Leaf,SL Plus,EV,AUTOMATIC,0,214,340,2022,,15000,12

Nissan,Juke,Turbo,PETROL,MANUAL,999,114,200,2021,,10000,12
Nissan,Juke,N-Connecta,PETROL,AUTOMATIC,999,114,200,2021,,10000,12

Nissan,Qashqai,Acenta Mild Hybrid,HYBRID,MANUAL,1332,140,240,2022,,10000,12
Nissan,Qashqai,Tekna e-POWER,HYBRID,AUTOMATIC,1497,190,330,2022,,10000,12

Nissan,Patrol,SE,PETROL,AUTOMATIC,5552,400,560,2017,,10000,12
Nissan,Patrol,NISMO,PETROL,AUTOMATIC,5552,428,560,2021,,10000,12

Nissan,Teana XL,PETROL,AUTOMATIC,2496,182,228,2007,2013,10000,12
Nissan,Teana XV,PETROL,AUTOMATIC,2496,182,228,2007,2013,10000,12
Nissan,Teana XV V6,PETROL,AUTOMATIC,3498,252,326,2007,2013,10000,12

Nissan,Altima S,PETROL,AUTOMATIC,2488,188,244,2019,,10000,12
Nissan,Altima SV,PETROL,AUTOMATIC,2488,188,244,2019,,10000,12
Nissan,Altima Platinum VC-Turbo,PETROL,AUTOMATIC,1997,248,370,2019,,10000,12

Nissan,Sentra S,PETROL,MANUAL,1798,130,174,2013,,10000,12
Nissan,Sentra SV,PETROL,AUTOMATIC,1798,130,174,2013,,10000,12
Nissan,Sentra SR,PETROL,AUTOMATIC,1988,149,197,2020,,10000,12

Nissan,Versa S,PETROL,MANUAL,1598,122,154,2020,,10000,12
Nissan,Versa SV,PETROL,AUTOMATIC,1598,122,154,2020,,10000,12
Nissan,Versa SR,PETROL,AUTOMATIC,1598,122,154,2020,,10000,12

Nissan,Note e-POWER S,HYBRID,AUTOMATIC,1198,116,280,2017,,10000,12
Nissan,Note e-POWER X,HYBRID,AUTOMATIC,1198,116,280,2017,,10000,12
Nissan,Note Aura NISMO,HYBRID,AUTOMATIC,1198,136,300,2021,,10000,12

Nissan,Livina XE,PETROL,MANUAL,1498,104,141,2007,2014,10000,12
Nissan,Livina XV,PETROL,MANUAL,1498,104,141,2007,2014,10000,12
Nissan,Livina X-Gear,PETROL,MANUAL,1498,104,141,2008,2014,10000,12

Nissan,Serena Highway Star,HYBRID,AUTOMATIC,1997,150,200,2018,,10000,12
Nissan,Serena e-POWER,HYBRID,AUTOMATIC,1433,163,315,2023,,10000,12

Nissan,Elgrand Highway Star,PETROL,AUTOMATIC,3498,280,344,2015,,10000,12

Nissan,Navara XE,DIESEL,MANUAL,2298,163,403,2016,,15000,12
Nissan,Navara VL,DIESEL,AUTOMATIC,2298,190,450,2016,,15000,12
Nissan,Navara PRO-4X,DIESEL,AUTOMATIC,2298,190,450,2021,,15000,12

Nissan,Frontier S,PETROL,AUTOMATIC,3798,310,381,2022,,15000,12
Nissan,Frontier PRO-4X,PETROL,AUTOMATIC,3798,310,381,2022,,15000,12

Nissan,Titan S,PETROL,AUTOMATIC,5552,400,560,2017,2024,15000,12
Nissan,Titan PRO-4X,PETROL,AUTOMATIC,5552,400,560,2017,2024,15000,12

Nissan,Armada SV,PETROL,AUTOMATIC,5552,400,560,2021,,10000,12
Nissan,Armada Platinum,PETROL,AUTOMATIC,5552,400,560,2021,,10000,12

Nissan,Rogue S,PETROL,AUTOMATIC,1497,201,305,2022,,10000,12
Nissan,Rogue SL,PETROL,AUTOMATIC,1497,201,305,2022,,10000,12

Nissan,Murano SV,PETROL,AUTOMATIC,3498,260,325,2019,,10000,12
Nissan,Murano Platinum,PETROL,AUTOMATIC,3498,260,325,2019,,10000,12

Nissan,Ariya Engage,EV,AUTOMATIC,0,214,300,2022,,15000,12
Nissan,Ariya,Evolve+,EV,AUTOMATIC,0,389,600,2022,,15000,12
Nissan,Ariya,Platinum+,EV,AUTOMATIC,0,389,600,2022,,15000,12

Nissan,Z Sport,PETROL,MANUAL,2997,400,475,2023,,10000,12
Nissan,Z Performance,PETROL,MANUAL,2997,400,475,2023,,10000,12
Nissan,Z Performance AT,PETROL,AUTOMATIC,2997,400,475,2023,,10000,12

Nissan,Pathfinder S,PETROL,AUTOMATIC,3498,284,351,2017,,10000,12
Nissan,Pathfinder SV,PETROL,AUTOMATIC,3498,284,351,2017,,10000,12
Nissan,Pathfinder Platinum,PETROL,AUTOMATIC,3498,284,351,2017,,10000,12

Nissan,Maxima SV,PETROL,AUTOMATIC,3498,300,354,2016,2023,10000,12
Nissan,Maxima Platinum,PETROL,AUTOMATIC,3498,300,354,2016,2023,10000,12

Nissan,Cube S,PETROL,CVT,1798,122,165,2009,2019,10000,12
Nissan,Cube SL,PETROL,CVT,1798,122,165,2009,2019,10000,12

Nissan,NV200 S,PETROL,AUTOMATIC,1998,131,188,2013,,15000,12
Nissan,NV200 SV,PETROL,AUTOMATIC,1998,131,188,2013,,15000,12

Nissan,NV350 Urvan DX,DIESEL,MANUAL,2488,129,356,2012,,15000,12
Nissan,NV350 Urvan Premium,DIESEL,AUTOMATIC,2488,129,356,2012,,15000,12

Nissan,Urvan DX,DIESEL,MANUAL,2488,129,356,2001,2012,15000,12
Nissan,Urvan GX,DIESEL,MANUAL,2488,129,356,2001,2012,15000,12

Nissan,Cabstar Standard,DIESEL,MANUAL,2953,125,315,2007,,20000,12
Nissan,Cabstar Wide Cab,DIESEL,MANUAL,2953,150,350,2007,,20000,12

Nissan,Atlas Standard,DIESEL,MANUAL,2953,150,350,2007,,20000,12
Nissan,Atlas Double Cab,DIESEL,MANUAL,2953,150,350,2007,,20000,12

Nissan,Bluebird Sylphy 1.8,PETROL,AUTOMATIC,1798,131,174,2006,2012,10000,12
Nissan,Bluebird Sylphy 2.0,PETROL,CVT,1997,137,200,2006,2012,10000,12

Nissan,Cefiro 230JM,PETROL,AUTOMATIC,2349,173,225,1999,2003,10000,12
Nissan,Cefiro 300JM,PETROL,AUTOMATIC,2987,220,279,1999,2003,10000,12

Nissan,Silvia Spec-S,PETROL,MANUAL,1998,165,196,1999,2002,10000,12
Nissan,Silvia Spec-R,PETROL,MANUAL,1998,250,275,1999,2002,10000,12

Nissan,Skyline 250GT,PETROL,AUTOMATIC,2495,215,269,2006,,10000,12
Nissan,Skyline 400R,PETROL,AUTOMATIC,2997,400,475,2019,,10000,12

Nissan,Stagea 250RS,PETROL,AUTOMATIC,2495,215,269,2001,2007,10000,12
Nissan,Stagea AR-X FOUR,PETROL,AUTOMATIC,2498,280,363,2001,2007,10000,12

Nissan,Pulsar XL,PETROL,MANUAL,1198,76,104,2014,2016,10000,12
Nissan,Pulsar XV,PETROL,MANUAL,1498,99,134,2014,2016,10000,12
Nissan,Pulsar Diesel XL,DIESEL,MANUAL,1461,110,240,2014,2016,10000,12
Nissan,Pulsar Diesel XV,DIESEL,MANUAL,1461,110,240,2014,2016,10000,12

Nissan,Almera XL,PETROL,MANUAL,1498,99,134,2012,2018,10000,12
Nissan,Almera XV,PETROL,AUTOMATIC,1498,99,134,2012,2018,10000,12

Nissan,Cima Hybrid VIP,HYBRID,AUTOMATIC,3498,364,546,2012,2022,10000,12

Nissan,Fuga 250GT,PETROL,AUTOMATIC,2495,225,253,2009,2022,10000,12
Nissan,Fuga Hybrid A Package,HYBRID,AUTOMATIC,3498,364,546,2010,2022,10000,12

Nissan,Quest SV,PETROL,AUTOMATIC,3498,260,326,2011,2017,10000,12
Nissan,Quest Platinum,PETROL,AUTOMATIC,3498,260,326,2011,2017,10000,12

Nissan,AD Van DX,PETROL,MANUAL,1498,109,148,2007,,10000,12
Nissan,AD Van VE,DIESEL,MANUAL,1461,90,200,2007,,10000,12

Nissan,Latio S,PETROL,MANUAL,1498,109,148,2007,2012,10000,12
Nissan,Latio G,PETROL,AUTOMATIC,1498,109,148,2007,2012,10000,12

Nissan,Moco,S,PETROL,CVT,658,54,63,2006,2016,10000,12
Nissan,Moco,X,PETROL,CVT,658,64,95,2006,2016,10000,12

Nissan,March S,PETROL,MANUAL,1198,79,106,2010,,10000,12
Nissan,March XV,PETROL,CVT,1198,79,106,2010,,10000,12
Nissan,March NISMO,PETROL,MANUAL,1498,116,156,2013,,10000,12

Nissan,Dayz S,PETROL,CVT,659,49,59,2013,,10000,12
Nissan,Dayz Highway Star,PETROL,CVT,659,64,100,2013,,10000,12

Nissan,Dayz Roox,S,PETROL,CVT,659,52,60,2014,,10000,12
Nissan,Dayz Roox,Highway Star,PETROL,CVT,659,64,100,2014,,10000,12

Nissan,Roox,S,PETROL,CVT,659,52,60,2020,,10000,12
Nissan,Roox,Highway Star Turbo,PETROL,CVT,659,64,100,2020,,10000,12

Nissan,Clipper Van,DX,PETROL,MANUAL,658,46,60,2003,,10000,12
Nissan,Clipper Van,GX,PETROL,AUTOMATIC,658,46,60,2003,,10000,12

Nissan,Clipper Truck,DX,PETROL,MANUAL,658,46,60,2003,,10000,12

Nissan,Clipper Rio,E,PETROL,AUTOMATIC,658,64,95,2007,,10000,12
Nissan,Clipper Rio,G,PETROL,AUTOMATIC,658,64,95,2007,,10000,12

Nissan,Presage,Highway Star,PETROL,AUTOMATIC,2488,163,245,1998,2009,10000,12

Nissan,Prairie Liberty,G,PETROL,AUTOMATIC,1998,147,198,1998,2004,10000,12

Nissan,Bassara,V6,PETROL,AUTOMATIC,2987,220,279,1999,2003,10000,12

Nissan,Lafesta,Highway Star,PETROL,CVT,1997,137,200,2004,2018,10000,12

Nissan,Wingroad,15M,PETROL,CVT,1498,109,148,2005,2018,10000,12
Nissan,Wingroad,Rider,PETROL,CVT,1798,128,174,2005,2018,10000,12

Nissan,Expert LX,PETROL,MANUAL,1498,109,148,1999,2006,10000,12

Nissan,Avenir GT4,PETROL,AUTOMATIC,1998,230,280,1998,2005,10000,12

Nissan,Laurel Medalist,PETROL,AUTOMATIC,2498,200,265,1998,2002,10000,12

Nissan,President Sovereign,PETROL,AUTOMATIC,4494,280,451,2003,2010,10000,12

Nissan,Gloria Gran Turismo,PETROL,AUTOMATIC,2495,210,265,1999,2004,10000,12

Nissan,Crew LX,PETROL,MANUAL,1998,130,171,1998,2009,10000,12

Nissan,Vanette Van,DX,PETROL,MANUAL,1798,95,140,1999,,10000,12
Nissan,Vanette Truck,DX,DIESEL,MANUAL,2184,79,147,1999,,15000,12

Nissan,Vanette Serena,PETROL,MANUAL,1998,130,178,1998,2001,10000,12

Nissan,Fairlady Z Version S,PETROL,MANUAL,3696,332,363,2009,2022,10000,12
Nissan,Fairlady Z Version ST,PETROL,AUTOMATIC,3696,332,363,2009,2022,10000,12

Nissan,Hyper Tourer,Concept,EV,AUTOMATIC,0,435,700,2023,,15000,12

Nissan,Hyper Punk,Concept,EV,AUTOMATIC,0,300,500,2023,,15000,12

Nissan,Hyper Adventure,Concept,EV,AUTOMATIC,0,380,650,2023,,15000,12

Nissan,Hyper Urban,Concept,EV,AUTOMATIC,0,320,550,2023,,15000,12

Renault,Kwid RXE,PETROL,MANUAL,999,68,91,2015,,10000,12
Renault,Kwid RXL,PETROL,MANUAL,999,68,91,2015,,10000,12
Renault,Kwid RXT,PETROL,MANUAL,999,68,91,2015,,10000,12
Renault,Kwid Climber,PETROL,MANUAL,999,68,91,2016,,10000,12
Renault,Kwid RXT AMT,PETROL,AUTOMATIC,999,68,91,2016,,10000,12
Renault,Kwid Climber AMT,PETROL,AUTOMATIC,999,68,91,2016,,10000,12

Renault,Triber RXE,PETROL,MANUAL,999,72,96,2019,,10000,12
Renault,Triber RXL,PETROL,MANUAL,999,72,96,2019,,10000,12
Renault,Triber RXT,PETROL,MANUAL,999,72,96,2019,,10000,12
Renault,Triber RXZ,PETROL,MANUAL,999,72,96,2019,,10000,12
Renault,Triber RXT AMT,PETROL,AUTOMATIC,999,72,96,2020,,10000,12
Renault,Triber RXZ AMT,PETROL,AUTOMATIC,999,72,96,2020,,10000,12

Renault,Kiger RXE,PETROL,MANUAL,999,72,96,2021,,10000,12
Renault,Kiger RXL,PETROL,MANUAL,999,72,96,2021,,10000,12
Renault,Kiger RXT,PETROL,MANUAL,999,72,96,2021,,10000,12
Renault,Kiger,RXZ,PETROL,MANUAL,999,72,96,2021,,10000,12
Renault,Kiger Turbo RXT,PETROL,MANUAL,999,100,160,2021,,10000,12
Renault,Kiger Turbo RXZ,PETROL,MANUAL,999,100,160,2021,,10000,12
Renault,Kiger Turbo CVT,PETROL,AUTOMATIC,999,100,152,2021,,10000,12
Renault,Kiger Turbo RXZ CVT,PETROL,AUTOMATIC,999,100,152,2021,,10000,12

Renault,Duster RXE Petrol,PETROL,MANUAL,1498,106,142,2012,2022,10000,12
Renault,Duster RXL Petrol,PETROL,MANUAL,1498,106,142,2012,2022,10000,12
Renault,Duster RXZ Petrol,PETROL,MANUAL,1498,106,142,2012,2022,10000,12
Renault,Duster CVT Petrol,PETROL,AUTOMATIC,1498,106,142,2016,2022,10000,12
Renault,Duster Turbo RXZ,PETROL,MANUAL,1330,156,254,2020,2022,10000,12
Renault,Duster Turbo CVT,PETROL,AUTOMATIC,1330,156,254,2020,2022,10000,12
Renault,Duster 85PS,DIESEL,MANUAL,1461,85,200,2012,2020,10000,12
Renault,Duster 110PS,DIESEL,MANUAL,1461,110,245,2012,2020,10000,12
Renault,Duster AWD,DIESEL,MANUAL,1461,110,245,2014,2020,10000,12
Renault,Duster AMT,DIESEL,AUTOMATIC,1461,110,245,2016,2020,10000,12

Renault,Captur RXE,PETROL,MANUAL,1498,106,142,2017,2020,10000,12
Renault,Captur RXZ,PETROL,MANUAL,1498,106,142,2017,2020,10000,12
Renault,Captur Platine,PETROL,MANUAL,1498,106,142,2017,2020,10000,12
Renault,Captur RXL Diesel,DIESEL,MANUAL,1461,110,245,2017,2020,10000,12
Renault,Captur,Platine Diesel,DIESEL,MANUAL,1461,110,245,2017,2020,10000,12

Renault,Lodgy Std,DIESEL,MANUAL,1461,85,200,2015,2020,10000,12
Renault,Lodgy RxE,DIESEL,MANUAL,1461,85,200,2015,2020,10000,12
Renault,Lodgy RxL,DIESEL,MANUAL,1461,110,245,2015,2020,10000,12
Renault,Lodgy RxZ,DIESEL,MANUAL,1461,110,245,2015,2020,10000,12
Renault,Lodgy Stepway,DIESEL,MANUAL,1461,110,245,2015,2020,10000,12

Renault,Pulse RxL Petrol,PETROL,MANUAL,1198,76,104,2012,2017,10000,12
Renault,Pulse RxZ Petrol,PETROL,MANUAL,1198,76,104,2012,2017,10000,12
Renault,Pulse RxL Diesel,DIESEL,MANUAL,1461,64,160,2012,2017,10000,12
Renault,Pulse RxZ Diesel,DIESEL,MANUAL,1461,64,160,2012,2017,10000,12

Renault,Scala RxE,PETROL,MANUAL,1498,99,134,2012,2017,10000,12
Renault,Scala RxL,PETROL,MANUAL,1498,99,134,2012,2017,10000,12
Renault,Scala RxZ,PETROL,MANUAL,1498,99,134,2012,2017,10000,12
Renault,Scala CVT,PETROL,AUTOMATIC,1498,99,134,2012,2017,10000,12
Renault,Scala Diesel,DIESEL,MANUAL,1461,86,200,2012,2017,10000,12

Renault,Fluence E2,PETROL,MANUAL,1998,137,190,2011,2017,10000,12
Renault,Fluence E4,PETROL,MANUAL,1998,137,190,2011,2017,10000,12
Renault,Fluence CVT,PETROL,AUTOMATIC,1998,137,190,2011,2017,10000,12
Renault,Fluence Diesel,DIESEL,MANUAL,1461,110,240,2011,2017,10000,12

Renault,Koleos Expression,DIESEL,AUTOMATIC,1995,173,380,2011,2019,10000,12
Renault,Koleos Dynamique,DIESEL,AUTOMATIC,1995,173,380,2011,2019,10000,12
Renault,Koleos Signature,DIESEL,AUTOMATIC,1995,173,380,2017,2019,10000,12

Renault,Arkana Evolution,MILD_HYBRID,AUTOMATIC,1333,140,260,2021,,10000,12
Renault,Arkana Techno,MILD_HYBRID,AUTOMATIC,1333,158,270,2021,,10000,12
Renault,Arkana E-Tech,HYBRID,AUTOMATIC,1598,145,205,2022,,10000,12

Renault,Megane Hatch,PETROL,MANUAL,1333,140,240,2019,,10000,12
Renault,Megane RS,PETROL,MANUAL,1798,300,400,2018,,10000,12
Renault,Megane E-Tech,EV,AUTOMATIC,0,220,300,2022,,15000,12

Renault,Clio Evolution,PETROL,MANUAL,999,90,160,2020,,10000,12
Renault,Clio Techno,PETROL,MANUAL,999,100,160,2020,,10000,12
Renault,Clio E-Tech,HYBRID,AUTOMATIC,1598,145,205,2021,,10000,12
Renault,Clio RS Line,PETROL,MANUAL,1333,130,240,2020,,10000,12

Renault,Zoe R110,EV,AUTOMATIC,0,108,225,2020,,15000,12
Renault,Zoe R135,EV,AUTOMATIC,0,135,245,2020,,15000,12

Renault,Talisman Zen,DIESEL,MANUAL,1749,120,300,2016,2022,10000,12
Renault,Talisman Initiale Paris,DIESEL,AUTOMATIC,1997,200,400,2016,2022,10000,12

Renault,Espace Techno,HYBRID,AUTOMATIC,1199,200,205,2023,,10000,12
Renault,Espace,Initiale Paris,DIESEL,AUTOMATIC,1997,200,400,2017,2022,10000,12

Renault,Scenic Zen,PETROL,MANUAL,1333,140,240,2018,2022,10000,12
Renault,Scenic E-Tech,EV,AUTOMATIC,0,220,300,2024,,15000,12

Renault,Kangoo Express,DIESEL,MANUAL,1461,95,260,2018,,15000,12
Renault,Kangoo Passenger,DIESEL,MANUAL,1461,115,270,2018,,15000,12
Renault,Kangoo E-Tech,EV,AUTOMATIC,0,122,245,2022,,15000,12

Renault,Master L1H1,DIESEL,MANUAL,2299,135,360,2019,,20000,12
Renault,Master L2H2,DIESEL,MANUAL,2299,150,385,2019,,20000,12
Renault,Master L3H2,DIESEL,MANUAL,2299,180,400,2019,,20000,12

Renault,Trafic Passenger,DIESEL,MANUAL,1997,150,350,2020,,20000,12
Renault,Trafic SpaceClass,DIESEL,AUTOMATIC,1997,170,380,2020,,20000,12

Renault,Express Van,DIESEL,MANUAL,1461,95,260,2021,,15000,12

Renault,Twingo Life,PETROL,MANUAL,999,65,95,2019,2024,10000,12
Renault,Twingo Intens,PETROL,MANUAL,999,90,160,2019,2024,10000,12
Renault,Twingo Electric,EV,AUTOMATIC,0,82,160,2020,2024,15000,12

Renault,Wind GT,PETROL,MANUAL,1598,133,160,2010,2013,10000,12

Renault,Laguna Expression,PETROL,MANUAL,1998,140,195,2008,2015,10000,12
Renault,Laguna GT,DIESEL,MANUAL,1995,180,400,2008,2015,10000,12

Renault,Symbol Expression,PETROL,MANUAL,1149,75,107,2013,,10000,12
Renault,Logan Expression,PETROL,MANUAL,999,90,160,2021,,10000,12
Renault,Logan Stepway,PETROL,CVT,999,100,170,2021,,10000,12

Renault,Modus Expression,PETROL,MANUAL,1149,75,107,2004,2012,10000,12
Renault,Grand Modus Dynamique,PETROL,MANUAL,1598,110,151,2008,2012,10000,12

Renault,Vel Satis Initiale,DIESEL,AUTOMATIC,2993,181,400,2005,2009,10000,12
Renault,Vel Satis V6,PETROL,AUTOMATIC,3498,245,330,2005,2009,10000,12

Renault,Avantime Privilege,PETROL,MANUAL,1998,163,250,2001,2003,10000,12
Renault,Avantime V6,PETROL,AUTOMATIC,2946,210,285,2001,2003,10000,12

Renault,Safrane RXE,PETROL,MANUAL,1998,140,188,1996,2000,10000,12
Renault,Safrane V6,PETROL,AUTOMATIC,2963,194,267,1996,2000,10000,12

Renault,Latitude Expression,DIESEL,MANUAL,1995,150,340,2011,2015,10000,12
Renault,Latitude Privilege,DIESEL,AUTOMATIC,1995,175,360,2011,2015,10000,12
Renault,Latitude V6,DIESEL,AUTOMATIC,2993,240,450,2011,2015,10000,12

Renault,Rafale Techno,HYBRID,AUTOMATIC,1199,200,205,2024,,10000,12
Renault,Rafale Esprit Alpine,HYBRID,AUTOMATIC,1199,300,450,2024,,10000,12

Renault,Austral Evolution,MILD_HYBRID,AUTOMATIC,1333,158,270,2022,,10000,12
Renault,Austral Techno,HYBRID,AUTOMATIC,1199,200,205,2022,,10000,12
Renault,Austral Esprit Alpine,HYBRID,AUTOMATIC,1199,200,205,2023,,10000,12

Renault,Symbioz Evolution,HYBRID,AUTOMATIC,1598,145,205,2024,,10000,12
Renault,Symbioz Techno,HYBRID,AUTOMATIC,1598,145,205,2024,,10000,12

Renault,Boreal Evolution,HYBRID,AUTOMATIC,1333,160,270,2025,,10000,12

Renault,4 E-Tech Evolution,EV,AUTOMATIC,0,120,225,2025,,15000,12
Renault,4 E-Tech Techno,EV,AUTOMATIC,0,150,245,2025,,15000,12

Renault,5 E-Tech Evolution,EV,AUTOMATIC,0,120,225,2024,,15000,12
Renault,5 E-Tech Iconic,EV,AUTOMATIC,0,150,245,2024,,15000,12

Renault,17 Electric Restomod,EV,AUTOMATIC,0,270,400,2024,,15000,12

Renault,Alaskan Comfort,DIESEL,MANUAL,2298,160,403,2017,2023,15000,12
Renault,Alaskan Intens,DIESEL,AUTOMATIC,2298,190,450,2017,2023,15000,12

Renault,Oroch Dynamique,PETROL,MANUAL,1598,120,156,2015,,10000,12
Renault,Oroch Outsider,PETROL,AUTOMATIC,1333,170,270,2022,,10000,12

Renault,Dokker Van,DIESEL,MANUAL,1461,90,220,2013,2021,15000,12
Renault,Dokker Stepway,DIESEL,MANUAL,1461,95,260,2015,2021,15000,12

Renault,Sandero Essential,PETROL,MANUAL,999,90,160,2021,,10000,12
Renault,Sandero Stepway,PETROL,CVT,999,100,170,2021,,10000,12

Renault,Duster Oroch,DIESEL,MANUAL,1997,170,380,2015,2022,15000,12

Renault,Estafette Concept,EV,AUTOMATIC,0,160,300,2024,,15000,12

Renault,Embleme Concept,HYDROGEN,AUTOMATIC,0,220,350,2024,,15000,12

Renault,Morphoz Concept,EV,AUTOMATIC,0,218,300,2020,,15000,12

Renault,Trezor Concept,EV,AUTOMATIC,0,350,380,2016,,15000,12

Renault,DeZir Concept,EV,AUTOMATIC,0,150,226,2010,,15000,12

Renault,Captur E-Tech,HYBRID,AUTOMATIC,1598,145,205,2021,,10000,12

Renault,Kadjar Zen,DIESEL,MANUAL,1461,115,260,2016,2022,10000,12
Renault,Kadjar GT Line,DIESEL,AUTOMATIC,1749,150,340,2016,2022,10000,12

Citroen,C3 Live,PETROL,MANUAL,1199,82,115,2022,,10000,12
Citroen,C3 Feel,PETROL,MANUAL,1199,82,115,2022,,10000,12
Citroen,C3 Shine,PETROL,MANUAL,1199,110,190,2022,,10000,12
Citroen,C3 Shine Turbo AT,PETROL,AUTOMATIC,1199,110,205,2023,,10000,12

Citroen,C3 Aircross You,PETROL,MANUAL,1199,110,190,2023,,10000,12
Citroen,C3 Aircross Plus,PETROL,MANUAL,1199,110,190,2023,,10000,12
Citroen,C3 Aircross Max,PETROL,MANUAL,1199,110,190,2023,,10000,12
Citroen,C3 Aircross Automatic,PETROL,AUTOMATIC,1199,110,205,2024,,10000,12

Citroen,Basalt You,PETROL,MANUAL,1199,82,115,2024,,10000,12
Citroen,Basalt Plus,PETROL,MANUAL,1199,110,190,2024,,10000,12
Citroen,Basalt Max,PETROL,MANUAL,1199,110,190,2024,,10000,12
Citroen,Basalt Turbo AT,PETROL,AUTOMATIC,1199,110,205,2024,,10000,12

Citroen,eC3 Live,EV,AUTOMATIC,0,57,143,2023,,15000,12
Citroen,eC3 Feel,EV,AUTOMATIC,0,57,143,2023,,15000,12
Citroen,eC3 Shine,EV,AUTOMATIC,0,57,143,2023,,15000,12

Citroen,C5 Aircross Feel,DIESEL,AUTOMATIC,1997,177,400,2021,,15000,12
Citroen,C5 Aircross Shine,DIESEL,AUTOMATIC,1997,177,400,2021,,15000,12

Citroen,C1 Feel,PETROL,MANUAL,998,72,93,2014,2022,10000,12
Citroen,C1 Shine,PETROL,MANUAL,1199,82,118,2014,2022,10000,12

Citroen,C2 VTR,PETROL,MANUAL,1360,75,118,2003,2009,10000,12
Citroen,C2 VTS,PETROL,MANUAL,1598,125,143,2003,2009,10000,12

Citroen,C4 Live,PETROL,MANUAL,1199,130,230,2021,,10000,12
Citroen,C4 Shine,PETROL,AUTOMATIC,1199,130,230,2021,,10000,12
Citroen,e-C4 Shine,EV,AUTOMATIC,0,156,260,2022,,15000,12

Citroen,C4 X Feel,PETROL,AUTOMATIC,1199,130,230,2023,,10000,12
Citroen,e-C4 X,EV,AUTOMATIC,0,156,260,2023,,15000,12

Citroen,C5 X Feel,HYBRID,AUTOMATIC,1598,225,360,2022,,10000,12
Citroen,C5 X Shine,HYBRID,AUTOMATIC,1598,225,360,2022,,10000,12

Citroen,Berlingo Van,DIESEL,MANUAL,1499,100,250,2019,,15000,12
Citroen,Berlingo XL,DIESEL,MANUAL,1499,130,300,2019,,15000,12
Citroen,e-Berlingo,EV,AUTOMATIC,0,136,270,2022,,15000,12

Citroen,Jumpy Van,DIESEL,MANUAL,1997,145,370,2019,,20000,12
Citroen,e-Jumpy,EV,AUTOMATIC,0,136,260,2021,,20000,12

Citroen,SpaceTourer Feel,DIESEL,MANUAL,1997,145,370,2018,,20000,12
Citroen,e-SpaceTourer,EV,AUTOMATIC,0,136,260,2021,,20000,12

Citroen,Jumper L2H2,DIESEL,MANUAL,2198,140,340,2018,,20000,12
Citroen,Jumper L3H2,DIESEL,MANUAL,2179,165,370,2018,,20000,12
Citroen,e-Jumper,EV,AUTOMATIC,0,122,260,2022,,20000,12

Citroen,Dispatch,DIESEL,MANUAL,1997,145,370,2018,,20000,12

Citroen,Ami,EV,AUTOMATIC,0,8,44,2020,,15000,12

Citroen,DS3,PETROL,MANUAL,1598,156,240,2010,2019,10000,12
Citroen,DS4,PETROL,AUTOMATIC,1598,165,240,2011,2018,10000,12
Citroen,DS5,HYBRID,AUTOMATIC,1997,200,450,2012,2018,10000,12

Citroen,Xsara Picasso,DIESEL,MANUAL,1997,90,205,2004,2010,10000,12
Citroen,C8 Exclusive,DIESEL,MANUAL,1997,136,320,2002,2014,10000,12

Citroen,Saxo VTS,PETROL,MANUAL,1587,120,145,1997,2003,10000,12

Citroen,BX GTI,PETROL,MANUAL,1905,125,165,1987,1994,10000,12

Citroen,CX Prestige,PETROL,MANUAL,2500,138,197,1978,1991,10000,12

Citroen,SM,PETROL,MANUAL,2670,170,230,1970,1975,10000,12

Citroen,C6 Exclusive,DIESEL,AUTOMATIC,2179,204,450,2006,2012,10000,12
Citroen,C6 V6 HDi,DIESEL,AUTOMATIC,2720,241,450,2006,2012,10000,12

Citroen,C15,DIESEL,MANUAL,1769,60,110,1984,2005,15000,12

Citroen,AX 10E,PETROL,MANUAL,954,45,71,1986,1998,10000,12
Citroen,AX GT,PETROL,MANUAL,1360,85,118,1988,1996,10000,12
Citroen,AX GTi,PETROL,MANUAL,1360,100,123,1991,1996,10000,12

Citroen,ZX Reflex,PETROL,MANUAL,1360,75,111,1991,1998,10000,12
Citroen,ZX Volcane,PETROL,MANUAL,1998,167,193,1992,1998,10000,12

Citroen,Xantia SX,PETROL,MANUAL,1761,110,155,1993,2001,10000,12
Citroen,Xantia Activa Turbo,PETROL,MANUAL,1998,150,235,1995,2001,10000,12

Citroen,XM 2.0i,PETROL,MANUAL,1998,121,170,1989,2000,10000,12
Citroen,XM V6,PETROL,AUTOMATIC,2963,190,267,1989,2000,10000,12

Citroen,C3 Picasso,PETROL,MANUAL,1598,120,160,2009,2017,10000,12
Citroen,C3 Picasso HDi,DIESEL,MANUAL,1560,92,230,2009,2017,10000,12

Citroen,C4 Picasso,DIESEL,MANUAL,1560,120,300,2014,2022,10000,12
Citroen,Grand C4 Picasso,DIESEL,AUTOMATIC,1997,150,370,2014,2022,10000,12

Citroen,C4 Cactus Feel,PETROL,MANUAL,1199,110,205,2018,2021,10000,12
Citroen,C4 Cactus Shine,PETROL,AUTOMATIC,1199,130,230,2018,2021,10000,12

Citroen,Nemo Van,DIESEL,MANUAL,1248,75,190,2008,2017,15000,12

Citroen,Evasion SX,PETROL,MANUAL,1998,121,170,1994,2002,10000,12

Citroen,C-Crosser,DIESEL,MANUAL,2179,156,380,2007,2012,10000,12

Citroen,C-Elysee Live,PETROL,MANUAL,1199,82,118,2013,2021,10000,12
Citroen,C-Elysee Shine,DIESEL,MANUAL,1560,100,254,2013,2021,10000,12

Citroen,e-Mehari,EV,AUTOMATIC,0,68,166,2016,2019,15000,12

Citroen,Survolt Concept,EV,AUTOMATIC,0,300,300,2010,,15000,12

Citroen,Oli Concept,EV,AUTOMATIC,0,174,250,2022,,15000,12

Citroen,GT Concept,PETROL,AUTOMATIC,5500,646,790,2008,,10000,12

Citroen,C-Aircross Concept,EV,AUTOMATIC,0,136,260,2017,,15000,12

Citroen,CXperience Concept,HYBRID,AUTOMATIC,1598,300,450,2016,,10000,12

Citroen,19_19 Concept,EV,AUTOMATIC,0,462,800,2019,,15000,12

Citroen,Aircross Concept,PETROL,AUTOMATIC,1598,200,275,2015,,10000,12

Citroen,Tubik Concept,EV,AUTOMATIC,0,204,350,2011,,15000,12

Citroen,Lacoste Concept,EV,AUTOMATIC,0,35,80,2010,,15000,12

Citroen,Revolte Concept,EV,AUTOMATIC,0,41,130,2009,,15000,12

Citroen,C-Metisse Concept,HYBRID,AUTOMATIC,2993,400,800,2006,,10000,12

Citroen,Hypnos Concept,HYBRID,AUTOMATIC,1997,200,420,2008,,10000,12

Citroen,Cactus M Concept,PETROL,MANUAL,1199,110,205,2015,,10000,12

Jeep,Compass Sport,PETROL,MANUAL,1368,163,250,2017,,15000,12
Jeep,Compass Longitude,PETROL,MANUAL,1368,163,250,2017,,15000,12
Jeep,Compass Limited,PETROL,AUTOMATIC,1332,173,270,2021,,15000,12
Jeep,Compass Model S,PETROL,AUTOMATIC,1332,173,270,2021,,15000,12
Jeep,Compass Sport Diesel,DIESEL,MANUAL,1956,170,350,2017,,15000,12
Jeep,Compass Longitude Diesel,DIESEL,MANUAL,1956,170,350,2017,,15000,12
Jeep,Compass Limited Diesel,DIESEL,AUTOMATIC,1956,170,350,2019,,15000,12
Jeep,Compass Trailhawk,DIESEL,AUTOMATIC,1956,170,350,2019,,15000,12

Jeep,Meridian Limited,DIESEL,MANUAL,1956,170,350,2022,,15000,12
Jeep,Meridian Limited AT,DIESEL,AUTOMATIC,1956,170,350,2022,,15000,12
Jeep,Meridian Limited O,DIESEL,AUTOMATIC,1956,170,350,2022,,15000,12
Jeep,Meridian Overland,DIESEL,AUTOMATIC,1956,170,350,2022,,15000,12
Jeep,Meridian X,DIESEL,AUTOMATIC,1956,170,350,2023,,15000,12
Jeep,Meridian Upland,DIESEL,AUTOMATIC,1956,170,350,2023,,15000,12

Jeep,Wrangler Sport,PETROL,AUTOMATIC,1995,272,400,2021,,12000,12
Jeep,Wrangler Unlimited,PETROL,AUTOMATIC,1995,272,400,2021,,12000,12
Jeep,Wrangler Rubicon,PETROL,AUTOMATIC,1995,272,400,2021,,12000,12
Jeep,Wrangler Willys,PETROL,AUTOMATIC,1995,272,400,2021,,12000,12
Jeep,Wrangler Sahara,PETROL,AUTOMATIC,1995,272,400,2021,,12000,12
Jeep,Wrangler Rubicon 392,PETROL,AUTOMATIC,6392,470,637,2021,,12000,12
Jeep,Wrangler 4xe,HYBRID,AUTOMATIC,1995,375,637,2021,,12000,12

Jeep,Grand Cherokee Limited,PETROL,AUTOMATIC,1995,272,400,2022,,12000,12
Jeep,Grand Cherokee Limited 4x4,PETROL,AUTOMATIC,1995,272,400,2022,,12000,12
Jeep,Grand Cherokee Summit Reserve,PETROL,AUTOMATIC,3598,293,352,2022,,12000,12
Jeep,Grand Cherokee 4xe,HYBRID,AUTOMATIC,1995,375,637,2022,,12000,12
Jeep,Grand Cherokee SRT,PETROL,AUTOMATIC,6417,475,637,2014,2021,12000,12
Jeep,Grand Cherokee Trackhawk,PETROL,AUTOMATIC,6166,707,875,2018,2021,12000,12

Jeep,Cherokee Latitude,PETROL,AUTOMATIC,2398,180,232,2014,2023,12000,12
Jeep,Cherokee Trailhawk,PETROL,AUTOMATIC,3198,271,324,2014,2023,12000,12

Jeep,Renegade Sport,PETROL,MANUAL,1368,140,230,2015,,12000,12
Jeep,Renegade Longitude,PETROL,AUTOMATIC,1332,180,270,2019,,12000,12
Jeep,Renegade Trailhawk,DIESEL,AUTOMATIC,1956,170,350,2019,,12000,12

Jeep,Commander Limited,DIESEL,AUTOMATIC,1956,170,380,2021,,15000,12
Jeep,Commander Overland,DIESEL,AUTOMATIC,1956,170,380,2021,,15000,12

Jeep,Gladiator Sport,PETROL,MANUAL,3598,285,353,2020,,12000,12
Jeep,Gladiator Rubicon,PETROL,AUTOMATIC,3598,285,353,2020,,12000,12
Jeep,Gladiator Mojave,PETROL,AUTOMATIC,3598,285,353,2020,,12000,12

Jeep,Wagoneer Series I,PETROL,AUTOMATIC,5698,392,548,2022,,12000,12
Jeep,Grand Wagoneer Series III,PETROL,AUTOMATIC,2993,510,678,2022,,12000,12

Jeep,Patriot Sport,PETROL,MANUAL,2398,172,224,2007,2017,12000,12
Jeep,Patriot Latitude,PETROL,AUTOMATIC,2398,172,224,2007,2017,12000,12

Jeep,Liberty Sport,PETROL,AUTOMATIC,3698,210,319,2008,2012,12000,12
Jeep,Liberty Limited,PETROL,AUTOMATIC,3698,210,319,2008,2012,12000,12

Jeep,Comanche Pioneer,PETROL,MANUAL,3960,177,305,1986,1992,12000,12

Jeep,CJ-5,PETROL,MANUAL,4200,112,285,1972,1983,12000,12
Jeep,CJ-7,PETROL,MANUAL,4200,112,285,1976,1986,12000,12
Jeep,CJ-8 Scrambler,PETROL,MANUAL,4200,112,285,1981,1986,12000,12

Jeep,Forward Control FC-150,PETROL,MANUAL,3600,75,206,1957,1965,15000,12
Jeep,Forward Control FC-170,PETROL,MANUAL,3781,140,285,1957,1965,15000,12

Jeep,Avenger,EV,AUTOMATIC,0,156,260,2023,,15000,12
Jeep,Avenger e-Hybrid,HYBRID,AUTOMATIC,1199,100,205,2024,,12000,12

Jeep,Recon,EV,AUTOMATIC,0,600,800,2025,,15000,12
Jeep,Wagoneer S,EV,AUTOMATIC,0,600,837,2024,,15000,12

Jeep,Grand Commander,DIESEL,AUTOMATIC,1995,170,350,2018,,15000,12
Jeep,Grand Commander PHEV,HYBRID,AUTOMATIC,1995,230,432,2019,,15000,12

Jeep,Grand Compass,PETROL,AUTOMATIC,1332,173,270,2025,,15000,12

Jeep,Trailhawk,PETROL,AUTOMATIC,3604,285,353,2013,,12000,12

Jeep,JT Scrambler Concept,DIESEL,AUTOMATIC,2993,260,600,2019,,15000,12
Jeep,Magneto Concept,EV,AUTOMATIC,0,625,1150,2021,,15000,12
Jeep,Magneto 2.0 Concept,EV,AUTOMATIC,0,625,1150,2022,,15000,12
Jeep,Wrangler EV Concept,EV,AUTOMATIC,0,470,850,2022,,15000,12
Jeep,Lower Forty Concept,DIESEL,MANUAL,3000,240,550,2009,,15000,12
Jeep,Mighty FC Concept,DIESEL,AUTOMATIC,2800,200,460,2012,,15000,12
Jeep,J6 Concept,PETROL,MANUAL,3800,285,353,2019,,12000,12
Jeep,Shortcut Concept,PETROL,MANUAL,3604,285,353,2016,,12000,12
Jeep,Chief Concept,PETROL,MANUAL,3604,285,353,2016,,12000,12
Jeep,Crew Chief 715 Concept,DIESEL,AUTOMATIC,3000,260,600,2016,,15000,12
Jeep,Gladiator Farout Concept,DIESEL,AUTOMATIC,3000,260,600,2020,,15000,12
Jeep,Wrangler Africa Concept,DIESEL,MANUAL,2800,197,460,2014,,15000,12
Jeep,Quicksand Concept,PETROL,MANUAL,6400,485,644,2017,,12000,12

Fiat,Punto Active,PETROL,MANUAL,1172,68,96,2009,2018,10000,12
Fiat,Punto Dynamic,PETROL,MANUAL,1368,90,115,2009,2018,10000,12
Fiat,Punto Emotion,PETROL,MANUAL,1368,90,115,2009,2018,10000,12
Fiat,Punto 75HP Diesel,DIESEL,MANUAL,1248,75,197,2009,2018,10000,12
Fiat,Punto 90HP Diesel,DIESEL,MANUAL,1248,93,209,2009,2018,10000,12

Fiat,Punto Evo Active,PETROL,MANUAL,1172,68,96,2010,2014,10000,12
Fiat,Punto Evo Dynamic,PETROL,MANUAL,1368,90,115,2010,2014,10000,12
Fiat,Punto Evo Emotion,DIESEL,MANUAL,1248,93,209,2010,2014,10000,12

Fiat,Grande Punto Active,PETROL,MANUAL,1172,65,96,2008,2010,10000,12
Fiat,Grande Punto Emotion,DIESEL,MANUAL,1248,90,209,2008,2010,10000,12

Fiat,Linea Active,PETROL,MANUAL,1368,90,115,2009,2020,10000,12
Fiat,Linea Dynamic,PETROL,MANUAL,1368,90,115,2009,2020,10000,12
Fiat,Linea Emotion,PETROL,MANUAL,1368,114,207,2010,2020,10000,12
Fiat,Linea Multijet Active,DIESEL,MANUAL,1248,90,209,2009,2020,10000,12
Fiat,Linea Multijet Emotion,DIESEL,MANUAL,1248,93,209,2009,2020,10000,12

Fiat,Avventura Active,PETROL,MANUAL,1368,90,115,2014,2020,10000,12
Fiat,Avventura Emotion,PETROL,MANUAL,1368,90,115,2014,2020,10000,12
Fiat,Avventura Multijet,DIESEL,MANUAL,1248,93,209,2014,2020,10000,12

Fiat,Urban Cross,PETROL,MANUAL,1368,90,115,2016,2019,10000,12
Fiat,Urban Cross Multijet,DIESEL,MANUAL,1248,93,209,2016,2019,10000,12

Fiat,Abarth Punto,PETROL,MANUAL,1368,145,212,2015,2017,10000,12
Fiat,Abarth Avventura,PETROL,MANUAL,1368,140,210,2015,2017,10000,12

Fiat,Palio Stile,PETROL,MANUAL,1172,67,96,2002,2011,10000,12
Fiat,Palio Stile 1.6 GTX,PETROL,MANUAL,1596,100,138,2002,2011,10000,12
Fiat,Palio Multijet,DIESEL,MANUAL,1248,75,197,2008,2011,10000,12

Fiat,Petra ELX,PETROL,MANUAL,1596,100,138,2001,2008,10000,12

Fiat,Siena ELX,PETROL,MANUAL,1596,100,138,1999,2001,10000,12
Fiat,Siena Diesel,DIESEL,MANUAL,1910,63,118,2001,2004,10000,12

Fiat,Uno Mille,PETROL,MANUAL,994,48,74,1996,2002,10000,12
Fiat,Uno Fire,PETROL,MANUAL,999,61,86,1996,2002,10000,12

Fiat,Uno Way,PETROL,MANUAL,999,75,107,2015,2021,10000,12

Fiat,Mille Fire,PETROL,MANUAL,994,47,72,1990,2013,10000,12

Fiat,Mobi Easy,PETROL,MANUAL,999,74,95,2016,,10000,12
Fiat,Mobi Like,PETROL,MANUAL,999,74,95,2016,,10000,12
Fiat,Mobi Trekking,PETROL,MANUAL,999,74,95,2016,,10000,12

Fiat,Cronos Drive,PETROL,MANUAL,1332,101,130,2018,,10000,12
Fiat,Cronos Precision,PETROL,AUTOMATIC,1332,109,139,2018,,10000,12

Fiat,Argo Drive,PETROL,MANUAL,999,77,107,2017,,10000,12
Fiat,Argo Trekking,PETROL,MANUAL,1332,109,139,2019,,10000,12
Fiat,Argo HGT,PETROL,MANUAL,1747,139,189,2017,2021,10000,12

Fiat,Tipo Hatchback,PETROL,MANUAL,1368,95,127,2016,,10000,12
Fiat,Tipo Sedan Diesel,DIESEL,MANUAL,1598,130,320,2016,,10000,12
Fiat,Tipo Cross,PETROL,AUTOMATIC,1469,130,240,2021,,10000,12

Fiat,500 Pop,PETROL,MANUAL,1242,69,102,2008,,10000,12
Fiat,500 Lounge,PETROL,MANUAL,1242,69,102,2008,,10000,12
Fiat,500 TwinAir,PETROL,MANUAL,875,85,145,2011,,10000,12
Fiat,500 Abarth,PETROL,MANUAL,1368,165,230,2009,,10000,12
Fiat,500e,EV,AUTOMATIC,0,118,220,2021,,15000,12

Fiat,500X Pop Star,PETROL,MANUAL,1368,140,230,2015,,10000,12
Fiat,500X Cross,PETROL,AUTOMATIC,1332,150,270,2019,,10000,12

Fiat,500L Pop Star,PETROL,MANUAL,1368,95,127,2013,2022,10000,12
Fiat,500L Cross,PETROL,AUTOMATIC,1368,120,215,2017,2022,10000,12

Fiat,500C Lounge,PETROL,MANUAL,1242,69,102,2009,,10000,12

Fiat,Panda Easy,PETROL,MANUAL,999,70,92,2012,,10000,12
Fiat,Panda Cross,PETROL,MANUAL,875,85,145,2014,,10000,12
Fiat,Panda 4x4,PETROL,MANUAL,875,85,145,2012,,10000,12

Fiat,Doblo Cargo,DIESEL,MANUAL,1598,105,290,2015,,15000,12
Fiat,Doblo Combi,DIESEL,MANUAL,1598,120,320,2015,,15000,12

Fiat,Fiorino Cargo,DIESEL,MANUAL,1248,95,200,2016,,15000,12
Fiat,Fiorino Combi,DIESEL,MANUAL,1248,95,200,2016,,15000,12

Fiat,Qubo Active,DIESEL,MANUAL,1248,75,190,2008,2020,10000,12
Fiat,Qubo Trekking,DIESEL,MANUAL,1248,95,200,2008,2020,10000,12

Fiat,Ulysse,EV,AUTOMATIC,0,136,260,2022,,15000,12

Fiat,Scudo Van,DIESEL,MANUAL,1997,145,370,2022,,20000,12
Fiat,e-Scudo,EV,AUTOMATIC,0,136,260,2022,,20000,12

Fiat,Ducato L2H2,DIESEL,MANUAL,2184,140,350,2022,,20000,12
Fiat,Ducato L3H2,DIESEL,MANUAL,2184,180,450,2022,,20000,12
Fiat,e-Ducato,EV,AUTOMATIC,0,122,280,2022,,20000,12

Fiat,Freemont Urban,DIESEL,MANUAL,1956,140,350,2011,2016,15000,12
Fiat,Freemont Lounge,DIESEL,AUTOMATIC,1956,170,350,2011,2016,15000,12

Fiat,Croma Active,DIESEL,MANUAL,1910,120,280,2005,2011,15000,12
Fiat,Croma Emotion,DIESEL,MANUAL,1910,150,320,2005,2011,15000,12

Fiat,Bravo Active,PETROL,MANUAL,1368,120,206,2007,2014,10000,12
Fiat,Bravo Sport,DIESEL,MANUAL,1956,165,360,2007,2014,10000,12

Fiat,Brava ELX,PETROL,MANUAL,1581,103,145,1995,2001,10000,12

Fiat,Marea ELX,PETROL,MANUAL,1581,100,145,1998,2007,10000,12
Fiat,Marea Weekend,DIESEL,MANUAL,1910,100,200,1998,2007,10000,12

Fiat,Tempra SX,PETROL,MANUAL,1581,92,128,1992,1999,10000,12

Fiat,Regata 85S,PETROL,MANUAL,1498,82,118,1983,1990,10000,12

Fiat,126,PETROL,MANUAL,652,24,43,1972,2000,10000,12

Fiat,X1/9,PETROL,MANUAL,1498,85,118,1978,1989,10000,12

Fiat,124 Spider Classica,PETROL,MANUAL,1368,140,240,2016,2020,10000,12
Fiat,124 Spider Lusso,PETROL,MANUAL,1368,140,240,2016,2020,10000,12
Fiat,124 Spider Abarth,PETROL,MANUAL,1368,170,250,2016,2020,10000,12

Fiat,124 Sedan,PETROL,MANUAL,1197,65,92,1966,1974,10000,12

Fiat,128,PETROL,MANUAL,1116,55,79,1969,1985,10000,12

Fiat,131 Mirafiori,PETROL,MANUAL,1585,75,115,1974,1984,10000,12

Fiat,132 GLS,PETROL,MANUAL,1995,112,160,1972,1981,10000,12

Fiat,Barchetta,PETROL,MANUAL,1747,130,164,1995,2005,10000,12

Fiat,Coupe 20V Turbo,PETROL,MANUAL,1998,220,310,1996,2000,10000,12

Fiat,Cinquecento Sporting,PETROL,MANUAL,1108,54,88,1994,1998,10000,12

Fiat,Seicento Sporting,PETROL,MANUAL,1108,54,88,1998,2010,10000,12

Fiat,Idea Dynamic,PETROL,MANUAL,1368,95,128,2004,2012,10000,12
Fiat,Idea Multijet,DIESEL,MANUAL,1248,90,200,2004,2012,10000,12

Fiat,Sedici Dynamic,PETROL,MANUAL,1586,107,145,2006,2014,10000,12
Fiat,Sedici 4x4,DIESEL,MANUAL,1956,135,320,2006,2014,10000,12

Fiat,Multipla ELX,PETROL,MANUAL,1596,103,145,1998,2010,10000,12
Fiat,Multipla Multijet,DIESEL,MANUAL,1910,120,206,2004,2010,10000,12

Fiat,Stilo Active,PETROL,MANUAL,1596,103,145,2001,2008,10000,12
Fiat,Stilo Abarth,PETROL,MANUAL,2446,170,221,2002,2008,10000,12

Fiat,Strada Endurance,PETROL,MANUAL,1368,109,139,2020,,10000,12
Fiat,Strada Volcano,PETROL,MANUAL,1332,107,134,2020,,10000,12

Fiat,Toro Freedom,DIESEL,AUTOMATIC,1956,170,350,2016,,15000,12
Fiat,Toro Ranch,DIESEL,AUTOMATIC,1956,170,350,2019,,15000,12

Fiat,Fastback Audace,PETROL,AUTOMATIC,999,130,200,2022,,10000,12
Fiat,Fastback Abarth,PETROL,AUTOMATIC,1332,185,270,2022,,10000,12

Fiat,Pulse Drive,PETROL,MANUAL,999,130,200,2021,,10000,12
Fiat,Pulse Abarth,PETROL,AUTOMATIC,1332,185,270,2022,,10000,12

Fiat,Topolino,EV,AUTOMATIC,0,8,44,2023,,15000,12

Fiat,600 Hybrid,HYBRID,AUTOMATIC,1199,136,230,2024,,10000,12
Fiat,600e,EV,AUTOMATIC,0,156,260,2024,,15000,12
